,,A01,A02,A03,B,C10T12,C13T15,C16,C17,C18,C19,C20,C21,C22,C23,C24,C25,C26,C27,C28,C29,C30,C31_32,C33,D35,E36,E37T39,F,G45,G46,G47,H49,H50,H51,H52,H53,I,J58,J59_60,J61,J62_63,K64,K65,K66,L68B,L68A,M69_70,M71,M72,M73,M74_75,N77,N78,N79,N80T82,O84,P85,Q86,Q87_88,R90T92,R93,S94,S95,S96,T
,,"Crop and animal production, hunting and related service activities",Forestry and logging,Fishing and aquaculture,Mining and quarrying,"Manufacture of food products, beverages and tobacco products","Manufacture of textiles, wearing apparel and leather products","Manufacture of wood and of products of wood and cork, except furniture; manufacture of articles of straw and plaiting materials",Manufacture of paper and paper products,Printing and reproduction of recorded media,Manufacture of coke and refined petroleum products ,Manufacture of chemicals and chemical products,Manufacture of basic pharmaceutical products and pharmaceutical preparations,Manufacture of rubber and plastic products,Manufacture of other non-metallic mineral products,Manufacture of basic metals,"Manufacture of fabricated metal products, except machinery and equipment","Manufacture of computer, electronic and optical products",Manufacture of electrical equipment,Manufacture of machinery and equipment n.e.c.,"Manufacture of motor vehicles, trailers and semi-trailers",Manufacture of other transport equipment,Manufacture of furniture; other manufacturing,Repair and installation of machinery and equipment,"Electricity, gas, steam and air conditioning supply","Water collection, treatment and supply","Sewerage; waste collection, treatment and disposal activities; materials recovery; remediation activities and other waste management services ",Construction,Wholesale and retail trade and repair of motor vehicles and motorcycles,"Wholesale trade, except of motor vehicles and motorcycles","Retail trade, except of motor vehicles and motorcycles",Land transport and transport via pipelines,Water transport,Air transport,Warehousing and support activities for transportation,Postal and courier activities,Accommodation and food service activities,Publishing activities,"Motion picture, video and television programme production, sound recording and music publishing activities; programming and broadcasting activities",Telecommunications,"Computer programming, consultancy and related activities; information service activities","Financial service activities, except insurance and pension funding","Insurance, reinsurance and pension funding, except compulsory social security",Activities auxiliary to financial services and insurance activities,Real estate activities excluding imputed rents,Imputed rents of owner-occupied dwellings,Legal and accounting activities; activities of head offices; management consultancy activities,Architectural and engineering activities; technical testing and analysis,Scientific research and development,Advertising and market research,"Other professional, scientific and technical activities; veterinary activities",Rental and leasing activities,Employment activities,"Travel agency, tour operator reservation service and related activities","Security and investigation activities; services to buildings and landscape activities; office administrative, office support and other business support activities",Public administration and defence; compulsory social security,Education,Human health activities,Social work activities,"Creative, arts and entertainment activities; libraries, archives, museums and other cultural activities; gambling and betting activities",Sports activities and amusement and recreation activities,Activities of membership organisations,Repair of computers and personal and household goods,Other personal service activities,Activities of households as employers; undifferentiated goods- and services-producing activities of households for own use
A01,"Crop and animal production, hunting and related service activities",0.1386142557701327,0.003430530168814411,0.0002660276711881871,0.0003772229936237057,0.111233701119079,0.001305713847154649,0.0002510757301330408,0.0003315138900934216,0.0002097427979967848,6.766168206880987e-05,0.001189041698110387,0.006423141417386815,0.0001958750786095897,0.0004090583983455794,0.0003273503957464855,0.0002069823968679841,0.0001446419880149661,0.0002590539929967775,0.0002211397624206837,0.0001330066936936568,0.0002768322574618186,0.0002860349446050123,0.0001615410442016736,0.0009611955774145333,0.0001603314218197786,0.0003158714980507108,0.0006942889918921998,0.000132244831347005,0.0004095949999952481,0.0003320797254942377,0.0005561452602864489,9.408701321616054e-05,0.0004885341191619604,0.000288661060601638,0.0001747785803164774,0.0006273032330364378,0.0002112764319373927,0.000185662193974344,0.0001560944780565901,0.0001861218901636385,0.0002008283204866953,0.0003189767360761851,0.0001156539583204493,0.000455214824210261,0.0001007441884420673,0.0002340923055260194,0.0009007621201086568,0.000260523972168804,0.0004470274725419352,0.0006858626615133016,0.0002783892896427374,4.031420356625028e-05,0.0004184341352071328,0.0002368281200944086,0.0002499590563947953,0.0001784928868540643,0.0003578977093816746,0.0005985840330219124,0.001031662740823262,0.0002815099202008778,0.0001878069465056207,0.0003225747018499762,9.258999233387533e-05,2.035604981977667e-07
A02,Forestry and logging,0.001237671584212898,0.1639247981844886,9.92155271025358e-06,1.124943372267042e-05,7.118530502751868e-06,3.291454408703283e-06,0.0388100900416529,0.0104290875830372,5.738543568809513e-06,7.616066995590104e-07,4.687747201088264e-06,5.147098084329086e-06,4.451291022572459e-06,4.759534298839547e-06,8.73736794528913e-06,4.557729486560042e-06,2.433422873304728e-06,4.323834047874188e-06,3.903482467770161e-06,2.069966410099887e-06,4.329649825762649e-06,3.715246591429399e-06,5.064729643198859e-06,0.004304278980567509,4.492723430941225e-06,1.271173982991955e-05,9.934090658274665e-06,6.375019796039818e-06,9.491459011426807e-06,1.160239948402337e-05,2.201453156581322e-05,4.812648891626171e-06,4.874009399530008e-05,1.907205877714878e-05,1.245600680517908e-05,1.322098939143149e-05,6.523844931455159e-06,2.414164189346257e-05,1.505496940601202e-05,1.915455122503564e-05,1.025176181146662e-05,2.202324027397394e-05,1.382206569072061e-05,0.0001475705241891278,2.021479635298298e-07,1.174103326391163e-05,1.147710695917032e-05,3.039301042405952e-06,1.020206649176694e-05,1.011439294108338e-05,2.360885822123115e-05,2.761629468337758e-06,5.472747202180399e-05,1.159278729232209e-05,1.185188116648002e-05,1.279261960759782e-05,8.920319235150095e-06,1.499214553730943e-05,2.706301341096804e-05,7.700376760016383e-05,6.41386784587141e-06,0.0002328888491092771,2.156993422405962e-06,2.336998487014583e-11
A03,Fishing and aquaculture,3.081575097678213e-06,3.882181963226503e-06,0.0005858298186243688,5.214597731373489e-06,0.010118413721759,4.079330674919429e-06,3.614476499959053e-06,3.741502205554233e-06,3.400502815417861e-06,3.433343329159886e-06,3.28863947882853e-06,2.402661709903456e-06,2.178674639156538e-06,3.418306663584542e-06,5.46712385880378e-06,3.508271010318966e-06,2.945360066387299e-06,4.043186481750155e-06,3.742203364364617e-06,2.544629495399591e-06,3.467503220977408e-06,2.973221161156349e-06,2.08023035567647e-06,4.229626357056455e-07,8.980404312417813e-07,1.995422179964859e-06,2.388804672298782e-06,7.855775461647351e-07,1.969937697147508e-06,2.253364554226658e-06,2.928716479384419e-06,1.266144493023534e-05,7.199754653736787e-06,1.429585745486436e-05,1.360992349040356e-06,0.001970264626926792,2.61022884517007e-06,5.155012353041162e-06,1.17037249033302e-06,1.573162874062416e-06,1.802847429096619e-06,4.568454211732842e-06,1.510916689150641e-06,9.944665525445464e-07,3.420802610791556e-08,2.288691336459023e-06,1.553905306634128e-06,2.722180855765212e-05,2.587489698283473e-06,2.429657167322469e-06,2.71874361019126e-06,5.040838832482592e-07,2.341740347397927e-05,2.543274007108804e-06,3.109579917691597e-06,2.375774069129031e-06,3.057879024130238e-06,3.053995272190141e-06,4.438852018781442e-06,1.438628282480145e-05,1.626877404702613e-06,1.228423996904957e-06,1.074552831007829e-06,8.832757589063021e-11
B,Mining and quarrying,0.001145551223538908,0.000417578345569973,0.000417714441210799,0.1486569729162847,0.001177759650602235,0.000606868777955968,0.001055211937212698,0.0008405158263317897,0.0003967913831551638,0.1243945971666707,0.004477431207087914,0.0004504945866729652,0.001665553039544829,0.03557734073304523,0.01294303005266116,0.00860622900155542,0.0003233767351137876,0.00122556411497633,0.0005703636583117086,0.0004146420654768822,0.00116062372579521,0.002035987162657024,0.0002291577143698897,0.03802788189754128,0.0005814515179232944,0.0005654710536255316,0.009147727856423059,0.0002757268602077652,0.0009726745890161028,0.000492679087246063,0.00159627520616236,0.00020058545066906,0.0003008308816461989,0.0004008645475963151,0.0003951181654879683,0.0003726296793636338,0.0003939585190520077,0.0002299304399877447,0.0001249412265396215,0.0001881799909934706,0.0003989165644195747,0.0003837460301033986,0.0003348891186035949,0.001708220543126336,0.000141415449946384,0.0002777484225355755,0.004750257817130462,0.001046720613440564,0.0003009839739284099,0.0007283047354402967,0.0003351742760404919,2.960634592675617e-05,0.000406089669872387,0.002712714946118242,0.0004663464706242309,0.0004717232516263168,0.0007071309517854735,0.0002325591097248566,0.0004357978060938187,0.0007011048704601445,0.001997184276422375,0.0003601501188168096,0.0001658443212247755,4.878602556819529e-09
C10T12,"Manufacture of food products, beverages and tobacco products",0.04525105740656848,0.002261949166376084,0.1556855638645951,0.002088555517585564,0.1797954724542172,0.003361627078482739,0.003841686107128709,0.004084224276063308,0.00225651971166688,0.0009438680857812027,0.0063705814205113,0.001912833676749495,0.006392057665793048,0.002810811366204044,0.003287628040740258,0.00181819249247103,0.01049074534186556,0.01263672908979784,0.01227432806979896,0.003433671758842888,0.002322274746484145,0.00284908778838568,0.0008826036780240064,0.000764656430258431,0.002034625911901307,0.0009192769987171744,0.001113390848398948,0.008467649810454473,0.004969575726921253,0.004059437417798909,0.01569482143385504,0.004215397611281458,0.001756542826134873,0.01627507640552938,0.003653469718938691,0.143190544549781,0.01090801755167164,0.009381950458011436,0.001038487307285398,0.002576170271054154,0.001078452039651707,0.001589820922182606,0.001884907205757555,0.002967614140799342,4.088967790672613e-05,0.0003955797801228452,0.001043480772416501,0.002347067520115841,0.001483417697626395,0.002491497324070021,0.0003650371473362247,0.001108308689799186,0.002473566649381542,0.004688917116344204,0.001285710388265124,0.009168869218595511,0.005221612619820407,0.01578920995622488,0.006511923064677461,0.02048759138509301,0.01001042780085644,0.01863340596910049,0.002651808242288268,2.882216000578641e-09
C13T15,"Manufacture of textiles, wearing apparel and leather products",0.0006714241541495768,0.0003838062684281859,0.0004937048627996249,0.0002751481455564279,0.0006417916696749848,0.02971068308612053,0.0004243582381398071,0.00074540701208331,0.000994794333375481,6.166631323879806e-05,0.0007816378238623871,0.0003961190116884555,0.0007239687228112981,0.0004453423630839818,0.0005315401103478219,0.0004369190907261708,0.0003884669170776737,0.0006205792095492016,0.0005203205868129509,0.002883361700727709,0.0006344740813456261,0.003615530233934551,0.000379772259923729,8.802989868164416e-05,0.0001011169373707814,0.0003383063741384138,0.001322548706873816,0.0003035625543105498,0.001846658228297967,0.0001870628543324808,0.0002700311104236968,8.124332463208634e-05,0.0004433704411233039,0.00022038279376225,0.0002071462351339421,0.0003826864303829999,0.0008128103487799611,0.0001357769778458664,9.933585522991047e-05,8.81306639481019e-05,9.632495759700955e-05,0.0003558317092655779,0.0004130214699995292,0.0005858254585681415,3.290631988799386e-05,8.307182321148604e-05,0.0001403157464061756,0.0003227101315394554,0.000101577101314725,0.004749021866439614,0.0001238815425199864,2.10018722641571e-05,8.132900736469697e-05,0.0001773967817447735,0.001805583194270233,0.0004596845235698612,0.001374305023654866,0.0004094469803982249,0.000373982245622575,0.0006827078972010295,0.000481988111343268,0.0005501242647810698,0.000983018042792123,3.643519035648637e-10
C16,"Manufacture of wood and of products of wood and cork, except furniture; manufacture of articles of straw and plaiting materials",0.0001019783276722682,8.363082683934443e-05,6.919231887309467e-05,0.0005252696432054061,0.0001358980919008825,8.209326537457247e-05,0.0001452000921335889,0.02794347285934401,0.0001537782282738613,7.12166122154156e-06,0.0002733918833669733,0.0002288715514097645,0.0001021689853844246,0.003155308979915033,0.0001390667068726847,0.002432598062848955,8.510958043485905e-05,0.001335554542186747,0.0001747108214174066,0.001663031343575998,0.001642592655421746,0.05097079808233132,0.0009914787446162776,1.354100130716533e-05,2.118776583389933e-05,0.0002060579155573446,0.01414954839844287,2.68417493761126e-05,6.27985752513972e-05,5.896987544765755e-05,8.229297917656042e-05,5.210804113680126e-05,7.092154719959735e-05,8.431431393788748e-05,7.294963266024224e-05,6.453437639305482e-05,0.0001236818420742713,8.298066887333374e-05,4.464516567854722e-05,5.972494055360029e-05,3.137309658908119e-05,0.0001002667093065309,0.0003894114683711533,0.0003324592250669741,0.0001191200552969654,4.606290980841813e-05,4.393483129693488e-05,0.0001106000165776993,4.817692791201081e-05,0.0001189582732280679,3.619938917549836e-05,1.402360680862287e-05,7.625515444126785e-05,6.992984672212865e-05,0.0001310369118750265,0.0005590453477065084,0.0001308442215375495,5.634138001270419e-05,0.0006783944014641257,9.024957363228113e-05,0.0002685543754476675,0.003133208134081453,0.002610969163700524,1.841080710816157e-10
C17,Manufacture of paper and paper products,0.00402273938996139,0.000956351111277956,0.001330500611376374,0.00066829286859349,0.01137342406650265,0.001357152266473774,0.001746059306368609,0.0119354726787941,0.02194176455925906,0.000159295154618314,0.00904672790013945,0.003811623147599256,0.009000880060299374,0.002779143343191382,0.0005550300306578902,0.001687510200658402,0.002623994485941297,0.003412288662265639,0.0006383449475003656,0.001063833738559855,0.000863611059095291,0.002765258940644701,0.001393208845931913,0.0001807779257056625,0.0003011146933203579,0.001611367611339147,0.001219618445678985,0.0006097117529486699,0.0006812235408396634,0.002110433134052396,0.001136644794716864,0.0003337193585002549,0.0003022597645304032,0.00313490806993243,0.003557861665068337,0.002062493139519128,0.0311004475027353,0.0010563612401262,0.0005571578894724842,0.001413141727889033,0.0001062285049386575,0.002233352573110845,0.002756750328712174,0.0002686616911424337,0.000106358235414202,0.002522789822619494,0.001262332726323703,0.004861602044724499,0.003373579517099387,0.008094825926478887,0.001010691760984065,0.0005983874432353883,0.0009330594908738657,0.002481643357783141,0.003464561689272126,0.004435664595998952,0.003861878302407489,0.002555755364322143,0.003277611392689246,0.007891622063718582,0.002254885915133268,0.0008833279589656281,0.005012358730196237,4.353895530263174e-11
C18,Printing and reproduction of recorded media,0.000632638700365751,0.0003365683548292323,0.0002997257579988718,0.0002049610448582795,0.001599439019601666,0.0006682439149280709,0.0005265356168707157,0.001743412177489376,0.06378239440798604,3.507970776625245e-05,0.00127838989963745,0.00063993262512187,0.001257117436589841,0.0005051229853587063,0.0002868839446550757,0.0003366959365273078,0.0004483760431607917,0.0005959818618579017,0.0002941493934024699,0.0003285547955201836,0.0003477768347621334,0.0007174098194660473,0.0003621336293974301,7.816067592064316e-05,9.542409799961755e-05,0.001058357087942373,0.0003153638643828716,0.001061044797516186,0.004647700996427581,0.003634811088721715,0.0002325977136387335,0.0001683176560397183,0.0001483269503701548,0.000714210849718315,0.0009452835970341701,0.0004262384205602855,0.04893213213341654,0.001084908259064484,0.00191355439195243,0.0005059129067853631,0.002218865437679576,0.0137287109376094,0.004448724038812121,0.0001539340966906254,0.0001368080011881713,0.001651319675611313,0.0002463909861803369,0.001034533111186074,0.0004790295940099799,0.001432193905476551,0.0003096219316100917,0.0001696128174334055,0.0035334022540747,0.0005498800241145621,0.004837296932651311,0.007999097577406177,0.005791343909525954,0.001394730340218326,0.003539612543469534,0.01091081599783105,0.00084892471330758,0.0002008689980498263,0.0007123768244696593,9.118608325314926e-11
C19,Manufacture of coke and refined petroleum products ,0.02235703320236813,0.01344887600364331,0.01707220694571113,0.00471848041264292,0.001709217573601605,0.000634892554136293,0.002895887973927498,0.001905128345195074,0.001281678253783196,7.81182650072573e-06,0.008017971921757343,4.342647769393033e-06,8.028725985847365e-06,0.009752178365620132,0.0002126171137859488,0.001898516779964026,0.0001858501914971329,0.0007082592552750806,0.0006212729096048378,5.16752297833011e-05,0.0002168278478167435,0.001143589146007059,0.00880060652026,0.0001130027592871248,0.001917404216109562,0.003199842856606591,0.005237978924574501,0.004793550800651345,0.01432849061643674,0.002056473051266559,0.01235787081572488,0.02611468175041156,0.008588101887072468,0.01196945176380176,0.01127783717921612,0.0007972077588478519,0.0002865548204384171,0.0006038183132607005,0.0009632925327043029,0.0003119963594216164,1.068904220851572e-05,0.00154192187337564,1.334664564077291e-05,0.0009797012463757207,2.662924585068508e-05,0.0009523906729835595,0.00225235572187695,0.0005916387429366912,0.001325220098823591,0.002700987683798264,0.007670377965936391,2.088799655813963e-06,0.005499595928105567,0.002801128885545995,0.001045336389187978,0.002096646674855074,0.001459405698171396,0.003155014232229284,0.0008081649282869256,0.001728830723872802,0.00322432924493786,0.001608906440205414,0.001811503051989073,3.558206743787966e-11
C20,Manufacture of chemicals and chemical products,0.06495473255808666,0.001709541428384113,0.001134034798122335,0.003495491872516811,0.002316686783914389,0.01768393970798147,0.0243454334776883,0.008817058875359328,0.001895224282631891,0.002665012299684656,0.0944863794789539,0.008562120960397285,0.09206706665674588,0.01217835786631956,0.003919811654063638,0.003331720360716657,0.006171854847628461,0.009327860942374809,0.003265532463567353,0.01374812271867417,0.007241066861498411,0.008092711969353353,0.002616955487446368,0.002909198381697511,0.01050884475523333,0.002034119109196134,0.003906674014182565,0.0001662490325094594,0.001098451246187558,0.001686159361062109,0.0005954885103215471,0.00016831286966852,0.0003354196975951555,0.0003951527805973298,0.0001686967979093676,0.001544346709696286,0.0100705248421758,0.0006868858638754445,0.000148619558498645,0.0003351802353528517,0.0001549505289935832,0.0004998356167419661,0.0006270961214634138,0.001587114040223793,6.048656561352429e-05,0.0001556058969170201,0.009396802830027832,0.007952059984999206,0.001347572698633699,0.0009039734401192696,0.0003578073660011301,3.564450994329055e-05,0.0002087578237715501,0.004593603516579023,0.001414452522280879,0.001644251476578033,0.003208083595885636,0.002030376711700564,0.0009661448486626867,0.001664542653528795,0.0009879015390476197,0.001906635166448514,0.00617341233130768,1.022045053864501e-09
C21,Manufacture of basic pharmaceutical products and pharmaceutical preparations,0.004510699538334222,0.0004340577561208904,0.000707997223249818,0.0003802634168088697,0.001375586547654025,0.001096404514400189,0.001160717559317387,0.0007234620880548167,0.0004080483334900981,0.0001425688483918401,0.003347469847434087,0.008574641610435215,0.00313313867860663,0.000876834932641897,0.0006096406334586578,0.0004318722149505699,0.0006874933821423984,0.0007722975900024954,0.00262963340718069,0.0007166302004462105,0.00060094432719767,0.001412307393225999,0.0003466596435109172,0.0005555951542086104,0.000424110591923764,0.0002566711060194034,0.0004032152581537761,0.0001723883618180069,0.000479167021327197,0.0002802051932717551,0.0005021418946455321,0.0001437374754329132,0.000316438024775002,0.0002678893901976024,0.0001989023173781126,0.0006321378337941448,0.0006828902969029504,0.0003351143264485871,0.0002879710639055368,0.0004232156630330529,0.0003169644760161338,0.0003145490866700138,0.0002973221043194225,0.0004589275350476887,1.817389381441446e-05,0.0002987749637361299,0.0004643482872369207,0.02477639648047326,0.0005243935192531155,0.01335077615485009,0.0002055531511979239,5.92012062985203e-05,0.0002826965119980353,0.001082724630852053,0.00124888254724349,0.0003431928952995385,0.03081242338096816,0.0008648727314566386,0.0003753873414434581,0.0004419682971504196,0.004248454682744575,0.0002655701966816896,0.0003076500125009854,1.177963347945771e-09
C22,Manufacture of rubber and plastic products,0.0240355266618593,0.0007029623085578713,0.004182526297882571,0.001439512602826423,0.01752687595611265,0.003489644724069451,0.00133445975740999,0.02442325666325468,0.01818875775072174,9.226302668857626e-05,0.01367808620467511,0.01649615010928132,0.01727221231798452,0.003415317151963441,0.001486432139801577,0.005438608626422438,0.01016180189957006,0.01985590442316414,0.01038881196783321,0.0144516928265933,0.01405222545741496,0.0059285386080405,0.002477621423911737,0.0001547517524098348,0.0004607452772993772,0.007835713971539555,0.01031252607108889,0.0003171336992529449,0.002444509414033719,0.006418800241589014,0.007986353957126635,0.0001655251882685949,0.000317816981638182,0.009715301691051021,0.0002559340846168452,0.0008539488128488239,0.001718969409994929,0.0003210907613029056,0.0005668829791221475,0.0003845063652201952,0.0001344874536988326,0.0008032588091703098,0.001323243748006917,0.0003223573221583465,5.600986994989526e-05,0.0001958022618142437,0.0003379195504015151,0.001795236428217615,0.0002465136289717283,0.0006894532033399,0.0003253515039180228,5.154925349504478e-05,0.0001849745422269979,0.003694500513419005,0.001306495017420581,0.001098688218911105,0.002536339115017249,0.0008412428455547321,0.005597232381103006,0.0006154634074920884,0.001649055913548707,0.002722549036101505,0.0003302647480188567,5.340902082527347e-10
C23,Manufacture of other non-metallic mineral products,0.0009630228772785122,0.0003981287436402672,0.0003423376341275298,0.01072226303833781,0.006824777861276526,0.000553586094903208,0.003250652410882059,0.0007362447543324938,0.0005435793235399468,0.0002387743072104336,0.001771465931996346,0.000661173654725155,0.003972282027967767,0.01122606399665201,0.005678284542689803,0.005015823353783869,0.001023893179180818,0.00923883364949802,0.0008286470186640842,0.0006787870308790419,0.003742110058969178,0.0005113272238391417,0.0003487266231233059,0.0001488246429268062,0.000415564013896801,0.001415247673447193,0.03203233956795867,0.0002804933173995447,0.0003401117703592455,0.0005409202961810621,0.000555803137783084,6.070767626857013e-05,0.0002337934850627116,0.0002499748818248607,7.798509054668154e-05,0.001347633647335316,0.0002353563014153059,8.824123406292415e-05,6.732199540950473e-05,6.022414207708936e-05,5.519200687944812e-05,7.828518043904256e-05,0.0001075165047788673,0.0004473591379099365,1.036389079248912e-05,5.741519910356776e-05,0.0002125512922563591,0.0004868533983212274,9.070349372395673e-05,0.0001769926447407589,0.0001784307101815378,1.212938204097e-05,8.046175608316715e-05,0.0002467242064140595,0.001067417892005466,0.001419197006092788,0.0004860659840901758,9.240479716634337e-05,0.002359785076669532,0.001801018470912111,0.002371279467330953,0.0001244593680214712,0.0001026880713653014,7.688579584229533e-10
C24,Manufacture of basic metals,0.0002272331962823424,0.00162442227774079,0.0001591353544697468,0.004341342182901999,0.0005157536782497,0.001034004244326862,0.0003766930443207357,0.0003734375578500692,0.0008544446501098519,8.278634059566985e-05,0.0005087008077100948,0.001607443046791655,0.000430367691574322,0.003856449224452775,0.04989751553387302,0.01301106733186481,0.01873951875915248,0.02730532845932262,0.04256219005475434,0.03589758479006207,0.06629403669387562,0.04167977474342043,0.02062134295555617,0.001538065385894721,0.003269022644208806,0.005188674666829137,0.007143556651428119,0.0001440454107914505,0.0003531305574539506,0.0002124656517462366,0.0002113432938673819,5.373607198047582e-05,0.0004302798229996756,0.0001100578566755613,6.026232152358601e-05,0.0001118507509765733,0.0001864534334807151,7.929112324608709e-05,7.71129645640534e-05,4.229127569906872e-05,4.524334259109339e-05,0.0003459145658794431,9.493866167204381e-05,0.0003919991624204586,2.972007805483895e-06,6.18851096835853e-05,0.0008462587408191005,0.0008834012672415435,6.811647494687135e-05,0.0001060124544226166,0.0009128980897546439,1.150437374938091e-05,0.0001688109071107785,0.0004714645348734822,0.0002561096049884967,6.923523945562052e-05,0.0001022394516608904,8.099153870189015e-05,0.0009998561639471435,0.0001964939325882868,5.455126906187077e-05,0.00106743868217506,5.763769389474351e-05,3.428365397898235e-10
C25,"Manufacture of fabricated metal products, except machinery and equipment",0.002372510339265198,0.00166757757330303,0.004333659859474855,0.0096253650280834,0.003697390015949749,0.002525036784853892,0.00377378404588928,0.005227831047667558,0.01103140923950487,0.001036781714085034,0.004761195505301226,0.01169814825594524,0.006720137731069675,0.008180709164191356,0.05011501932107657,0.04340877412096827,0.02268763857268511,0.02535579351367383,0.07907174318970281,0.02343469759572075,0.04071186958570701,0.01515564989812402,0.01240427495259953,0.002892391431011263,0.001449684608626436,0.02029689281023881,0.01900992969360218,0.0009298610865708882,0.0008741641515864405,0.0009142172994685248,0.002156742893557626,0.0007602655708289703,0.01065129793231677,0.001314902909195052,0.0003342119223097354,0.0009219385349580099,0.0006840795304908497,0.0002836169736974702,0.001234192075399333,0.0003618528131360203,0.0001240781646861775,0.0005752871975243596,0.0007573443837615789,0.0003526538311920128,3.122910705908591e-05,0.0003124904258309692,0.002350755815973815,0.00384218400992595,0.0002712130604039797,0.0004743241281520303,0.00204659813269117,3.147117420545889e-05,0.0002635898305406822,0.005552638942610842,0.008631485503716755,0.0006154585985469563,0.000979472267943751,0.0005758006781495357,0.001143397771046529,0.001557071912368805,0.0003648867594908753,0.0007596134028287905,0.0004312227603037548,6.08156665860421e-10
C26,"Manufacture of computer, electronic and optical products",0.001415370581101618,0.001411280139708721,0.004025390272822071,0.005695769988623642,0.002125628984260551,0.002112939940786067,0.001650652190060336,0.001467044919909661,0.00419243574200415,0.0009890955970529866,0.002736129163062447,0.002915743224969736,0.002731785121782792,0.004269671976559716,0.002588231549803225,0.003981004101727979,0.03791238366383377,0.007956965273713144,0.006413196307750994,0.003012757209926706,0.008807151448159738,0.002429185631918564,0.009681178014740369,0.003718270254620193,0.001872535074262694,0.001247823553996377,0.002050482626798305,0.001110503920493347,0.001848874863632626,0.00152384729166871,0.002890649599611021,0.001293406150428154,0.01489953933575054,0.002732976396005241,0.001728101295626503,0.001453115341335772,0.003892063274213283,0.006336394209068836,0.006354449791459672,0.002437636874714059,0.000176599742798205,0.0005468265241125519,0.0005901666784602442,0.0001977109626222386,4.401409833610001e-05,0.0005339921686062234,0.001521595755250988,0.008331177040968902,0.000627007035283288,0.001582113770081419,0.003425232268306554,0.0006774534661111465,0.001136555802611981,0.001932919237380758,0.007722068368680718,0.002500672039080223,0.004969440495879578,0.001580847987844524,0.002711325784752368,0.002564285279878119,0.001940753149828082,0.007276796992117576,0.00181655833647821,3.495492166356948e-10
C27,Manufacture of electrical equipment,0.0004009575448745849,0.000929842981494053,0.0008841358413899886,0.001702265813159308,0.0006759464318751274,0.000753587661964699,0.0004937671255552085,0.0005493183633229399,0.000748131491435539,0.0001721165733898222,0.0005874726796224011,0.0007182176348812878,0.0006341652980530381,0.0009475274477199451,0.001055967495444324,0.004492885789567927,0.005449560999177296,0.006782412046035523,0.001537922963064859,0.002843505294701758,0.04511000727791944,0.001018872195840196,0.006133445578041653,0.0005991985340099682,0.0003180557441113706,0.001384265008150458,0.01261076901700171,0.0005079376693993754,0.001053528282626186,0.000337815151781593,0.0008518309940205494,0.0001930478965336124,0.002438640133674068,0.0003863161652817432,0.0001309377373184956,0.0004349304302819326,0.0002700033436811647,0.001423166211790906,0.0004013175246483572,0.0004246602718995689,0.000257487850302489,0.0004120700226118305,0.0004424814066876222,0.0002387501168459981,5.486442494253922e-05,0.0001273168917697681,0.0002659284360314511,0.001362406882550169,0.0001228549699688896,0.0001923169286476647,0.004000743216229164,3.310681250142374e-05,0.0002755570010496601,0.001183180706721971,0.00226022376712713,0.0004862567831936145,0.0004499022146315597,0.0006551020134038425,0.0005157005878886555,0.00182392961048263,0.0001803113757125802,0.001543883815684054,0.0001577783665569227,2.088258107119883e-10
C28,Manufacture of machinery and equipment n.e.c.,0.001899918128804204,0.0289779167303859,0.006610201577161331,0.05816179368792106,0.00718198517009174,0.01839424023180211,0.005949005749177266,0.004471600691731533,0.0128591362016031,0.001582396899547306,0.003943560872341123,0.01929775982897134,0.004051126836265107,0.01238110005727395,0.0081775902858645,0.01014649216342223,0.004670865313763459,0.05721327402028319,0.03291464240044072,0.007125418422246081,0.01269883232457511,0.005346083327578716,0.0255620130555216,0.00864512078279755,0.01040345927795654,0.006883606916346322,0.009473694500245385,0.003486717542845481,0.006156398806341567,0.004032930135351156,0.005222860742882782,0.001726225761664311,0.02467362871397685,0.002960368553182082,0.0008558109479462218,0.002146612200017038,0.001290914557888013,0.001218516778382238,0.003472166724660636,0.001252546489922682,0.0005227249246948071,0.0008041699230291658,0.000655515211684701,0.0004121957819517772,3.725746156883556e-05,0.0008792996753576517,0.001951227630126533,0.007195158733053006,0.0005944674449468823,0.0009170699353397099,0.01808051974097446,0.0001081797877205046,0.0008550854957049322,0.006789730229847009,0.001846390852507608,0.0005708440357993564,0.0012891691484721,0.001406905563565238,0.00285657233094351,0.004336060616133639,0.0009000781387088493,0.0009256365783645286,0.0009489207237365744,1.832930019203434e-09
C29,"Manufacture of motor vehicles, trailers and semi-trailers",0.0002171369991083695,0.06322590979083376,0.0002368181822203838,0.002345361534060268,0.0005320161784239772,0.0006322946837392799,0.0003653996803145034,0.0003941895087110537,0.0005978242976461298,7.64567733438636e-05,0.0004051672551810908,0.0008960928142697831,0.0004029287533691622,0.001294229030667541,0.001015895844357501,0.000992941650106473,0.0009056698434836839,0.002299559594621323,0.00238833844957305,0.004975792172480115,0.001975631478377249,0.001401266738349447,0.006126056050992285,0.0003303160726183568,0.0009190209528376216,0.002924551861521403,0.002012134338794071,0.08406302452593654,0.002347916001478335,0.001188772634151325,0.01556052912423589,0.000166067698602105,0.0006847263403186073,0.006882323222875538,0.002899925535510534,0.0001671249206329316,0.000189600759387552,0.0003805155865448433,0.001314403585693544,0.0005673170604425572,0.0008928576417610747,0.001373683682377977,0.001657833251983272,0.0003845616008380212,0.0001176600293037389,0.000997996014398224,0.001276001016558727,0.01899690201149424,0.0003139774365714736,0.0005687193163454037,0.02715149472785564,0.0004102393578880009,0.0002828516392317629,0.001781461421975348,0.0009465571388927155,0.00134277000766295,0.001138700039596852,0.002865276653801802,0.0005336437748203131,0.002004395280463029,0.0006084237830990318,0.0003778090216627578,7.35595844114193e-05,1.076329095005084e-09
C30,Manufacture of other transport equipment,0.0005685544300097813,0.0009561183250409515,0.003183918600547828,0.01131062853442387,0.001166130404713741,0.001028046412350654,0.0008362266213419307,0.0007986457318681194,0.001324393524665979,0.0005441086817680251,0.001229904785326415,0.001119026385004432,0.001437990013332346,0.002377787990712908,0.002239201437985219,0.002074640108983208,0.009141504856820746,0.002489399855513138,0.002577047756593413,0.001781528663682083,0.1065855801693333,0.001568921993425755,0.1379600395468378,0.001702181298218146,0.0006868986728120678,0.0008325541701317649,0.0008109650995044804,0.0004135737587859411,0.0006610704670405953,0.0006717178849706269,0.003065063769217849,0.01561570323203001,0.01018755642894283,0.0009571922088477355,0.0002575129232447565,0.0006440846606466383,0.0002985717214384664,0.0001659704242155569,0.0009596963777555407,0.0003005575342798408,0.0001406397849524711,0.000475344298673736,0.0002544915993187716,0.0008995611470266692,2.96378606286271e-05,0.0002732610950734508,0.0008674687112260955,0.01359173233116669,0.0002891910397519761,0.000483904486372802,0.001445560953249829,2.383552497466452e-05,0.0002689965418670942,0.0008130274972298015,0.01341288286112383,0.0001569854733878779,0.001398216035869623,0.0004273492062052986,0.001481351393346421,0.001085367713102422,0.0005684977383044458,0.0001550671013432946,0.0003091341566892219,7.959150703169371e-10
C31_32,Manufacture of furniture; other manufacturing,0.002041266621168114,0.003837240578314969,0.001836388366401551,0.001885636212450402,0.001285030949944346,0.001597142865547097,0.005693595208118041,0.001436137433720029,0.00294884766465231,0.0001532891575387395,0.001844808512099847,0.002436849557378547,0.001887599774552365,0.002148282251835505,0.001725937306199522,0.001233842198954908,0.001171928317913132,0.001940197093438126,0.001634571715118441,0.001087798651509521,0.002577723302231701,0.005153413689264291,0.003295177606813322,0.0004235698932823857,0.0007528834060027029,0.001190781627671474,0.002307483316788879,0.0008608620746954743,0.0009454725109111091,0.0003975700397443108,0.0006717905193558674,0.002326603619232238,0.00134972175260418,0.001717360252963603,0.002360268810154656,0.000714271225161376,0.001663460013778467,0.003460369394535334,0.0004771173771428876,0.0002834190918195683,0.0002144466686715762,0.001086144669481138,0.002133457137022125,0.0005544300496006132,2.73661508624678e-05,0.0004151818225541757,0.000621679913649021,0.002845702765585207,0.0001882262351489783,0.003064909649184553,0.0007128632178844272,0.0003296569848420746,0.000337805125799594,0.0006131783677755327,0.002306916861067986,0.002185708027832493,0.005644029415698426,0.001392380332302836,0.003337491971928209,0.002116530483867673,0.0007953043589726442,0.001102498519761763,0.0004255785944852246,5.918290379504798e-10
C33,Repair and installation of machinery and equipment,0.001570267487375862,0.003874234928709105,0.0158702133142383,0.02256595609987374,0.006884732846074233,0.005151149874303409,0.004691898291836146,0.003530505649146838,0.007195549125422866,0.00393419992764882,0.006466579144939834,0.004538005638880907,0.007913479169832212,0.01522010451896411,0.007458650555591956,0.009685029678134227,0.004487193096010283,0.00770366912884135,0.004885928664088005,0.004280919683854223,0.01807660386626466,0.005813847949937946,0.03829021917425447,0.01216026420678329,0.003308117788109019,0.00258073409270826,0.001041229850384694,0.002388939666323879,0.003229557405028859,0.003935158095083266,0.01084290048085766,0.005042473240095521,0.06446407401446681,0.006324636328622907,0.001425754625391214,0.004388407343140124,0.00150610446078934,0.000532521225765952,0.006976919638660999,0.001720622258805936,0.0001382515971999718,0.0002541661259872788,0.0004554850218321422,0.0001505922636676002,1.742184275097121e-05,0.001348730773640207,0.001058583831176303,0.002677438340415698,0.0008555661242954311,0.001149631566708294,0.00892101110166157,6.358564639841569e-05,0.0009209982851295546,0.003746536733375602,0.001172441095937079,0.0005518651269010293,0.001976889311520238,0.002740976746990924,0.00511208759323052,0.007385452751884062,0.00131942862715027,0.0005724986775929657,0.002073851405284015,6.364005070508015e-10
D35,"Electricity, gas, steam and air conditioning supply",0.009091743600766235,0.00335634870410592,0.006907734761240777,0.008127088816300155,0.014881481991566,0.01266748286854479,0.01781724072577107,0.03221247859666252,0.02146344687699162,0.01264778487265919,0.03394125447171373,0.006515522350839351,0.02433510860765159,0.0308535289666894,0.02358442252642929,0.01684582257376215,0.006968603058223766,0.008269966584074757,0.007346984895353808,0.005683042453281961,0.00561520658794659,0.009213300150073074,0.007169988705088274,0.5057367485746649,0.05017283923858222,0.007550143142886072,0.004065844472735307,0.004495838271856064,0.007883921222843095,0.01905811849434899,0.00759497166287369,0.00136631397731413,0.001864047145689902,0.007107484578666143,0.003796198363469192,0.02303828282836097,0.002856180244973174,0.002693447247084423,0.009984141352100448,0.005812078865114611,0.003651477959207061,0.001698625749268815,0.00840545409680123,0.003862766063216467,0.00606429208012725,0.004095562926877697,0.003512009980636711,0.00457073744490301,0.006477561304937719,0.007521122253241783,0.003390221184995525,0.001117555699618225,0.007651044906979071,0.006930591912586899,0.00638844838776811,0.007042591435556207,0.009977045793059348,0.007930656543326394,0.01000875037571511,0.01909403616635617,0.01058545529855354,6.034183610742315e-05,0.008603741671503597,2.040917302003405e-07
E36,"Water collection, treatment and supply",0.002335672025885382,0.0008203102730929292,0.001737797753070156,0.001938928490299608,0.002515769811362483,0.001199187046531105,0.002805774984866201,0.003130264886935264,0.001586773108359449,0.002548135206638668,0.002926028298412974,0.0008283131511696314,0.001121864919260683,0.00234379252676866,0.001423153079818125,0.001343717330230164,0.0005257452774948794,0.0005811085921986467,0.0005281761633492496,0.0002987913366473196,0.0005949237209943332,0.002164024667085433,0.001282125036199906,0.001489058645454419,0.04766508388437388,0.008369065229385969,0.00065750535193869,0.00151806002359658,0.001105184154602502,0.001935012585210078,0.0009305172795511467,0.0005612583551134091,0.000188042038502642,0.001364079488042933,0.0004103857534125961,0.005673480240671794,0.0003217060714850362,0.0002164363355865222,0.0003194185209250996,0.0004131450680487036,0.0001285392142940921,0.003659198335577736,0.0001335300694845822,0.001381856654358694,3.205317742962005e-05,0.0006786233431610036,0.001070789179287107,0.0007258347143618671,0.0004939249094864509,0.001233268748787838,0.000583712433899016,0.0001993887606852345,0.0003873926312663133,0.001079895042950523,0.002047881779192763,0.001605501527315844,0.001302870748247556,0.003162522308767282,0.001770089029567763,0.005849349142892377,0.002183946295521151,0.003004398653918086,0.002185758375165424,3.850555958785188e-10
E37T39,"Sewerage; waste collection, treatment and disposal activities; materials recovery; remediation activities and other waste management services ",0.006272970233060473,0.0003911691673948286,0.006075445136895865,0.001492569875979781,0.005623034712854823,0.003330345591695398,0.004498931111054029,0.01215602346509507,0.003296631619485462,0.003333173517261052,0.006240564956558492,0.00270512694996835,0.002409552595501836,0.002907697661189625,0.01680838092688225,0.003455981603892481,0.001677908232792503,0.002399651167961969,0.002930429592023464,0.002322855830342634,0.004052137217184762,0.005205036244852082,0.002980816082838088,0.0004243820986171036,0.009309775739046757,0.1255857445611305,0.00262214676652836,0.003836763958846562,0.004560393405710707,0.004315277316779648,0.003410845186195913,0.001159318503076639,0.0003909023322130861,0.002666334737848358,0.001831191374766217,0.005861403101902917,0.0006016443067117363,0.0006788695588186249,0.0002957513106864952,0.0005285691878670503,0.0002941273546225718,0.0007481487734610251,0.001922631093986048,0.001503260276501493,0.0002689030856860673,0.0005690175272852345,0.001189274753517991,0.001103036378003399,0.001062286249283731,0.00209951180146566,0.001871736809443459,0.0001732914816246344,0.0004785984629529239,0.002467034684550984,0.01430880035554408,0.001892977782522997,0.007688628307227531,0.002010906823193086,0.003784886692045243,0.005562027113255769,0.00162263009521273,0.004548738333154691,0.002417235851208757,3.512991742239445e-09
F,Construction,0.0095313622967837,0.02662660895840692,0.0006211775509799806,0.01697032644913462,0.001217991381653837,0.0005895829885121922,0.0004642374088451573,0.0005813395855233815,0.0004962102409177548,0.009912214208903982,0.002028999258872245,0.0004511172774899991,0.01161104989383023,0.007116900346954873,0.0005523424377401958,0.005480514385023885,0.0004007158860748615,0.0005920536426782418,0.0008901497560985053,0.003223462830970161,0.01095092633250845,0.002441095343498426,0.02407468648663075,0.0312991474211505,0.02536845677767666,0.01719381457971629,0.2928247715084329,0.002262843613397,0.01851835039977576,0.01061027959186901,0.00119842537916765,0.001510433797232023,0.001442027882803367,0.009202953028126116,0.001565458543400547,0.003725521569392579,0.000818483227442861,0.001078802389844134,0.001719713719356207,0.001353446653661714,0.008935847363475996,0.03025577556168042,0.002961634811709239,0.09699224783762894,0.04522211380095414,0.01374961028211362,0.01406949728207244,0.001625035063393657,0.00252575464048526,0.009632213073060126,0.004395993401961446,0.001048082647505386,0.002615749968514766,0.01020300108111385,0.02969095664845467,0.005176941844834008,0.005756797842019038,0.004365961904838765,0.004549628131470317,0.006217911748348621,0.003503747184339593,0.0002652599598360614,0.000296144225849491,1.984207330608724e-07
G45,Wholesale and retail trade and repair of motor vehicles and motorcycles,0.01263216711603663,0.03278639053009661,5.406755601540826e-05,0.002373734324655459,0.0004976056459750466,0.000637827275177263,0.0001988456425509644,0.0006842618546539388,0.0006757527628244156,6.755235444333818e-05,0.0003568550258768442,0.000829968691644035,0.001604260406399482,0.0008905811999403944,0.0003292746104720493,0.0008090350956638675,0.001872014155039325,0.002339123163856053,0.007961315874436829,0.06655665764597163,0.002595268737652051,0.001016664570606425,0.007171710603472631,0.0002072292136468485,0.003866727222810224,0.005987693123118695,0.001291673386368839,0.09374676115211712,0.008206162135064692,0.007072106544102578,0.02691509837988599,0.0001958345009558293,0.0005349013811851223,0.003011159382711378,0.01291654402253688,0.001472496343036765,0.0003894997514672169,0.0003612823120703388,0.0005591549452452054,0.00129126038808344,0.003000904281389335,0.007582146280307547,0.001627035154779987,0.0003295187758956806,4.387654902776436e-05,0.001188268412263112,0.000389090087388519,0.0006178071071417418,0.0003997102886880654,0.0001997676071995621,0.04507768124819714,0.001751705131867082,0.0006434927884615269,0.00152189835021459,0.002203836135382026,0.00183025108637661,0.001679787521614691,0.002885390933157334,0.0003500999887569557,0.001756431407420211,0.0004836368377816618,0.0016965892649901,0.002835240056849236,5.960049068983014e-10
G46,"Wholesale trade, except of motor vehicles and motorcycles",0.04514716068986511,0.05986919533370817,0.07580060415990177,0.02726643352483627,0.05934500392121405,0.07345804818603069,0.05013772279508966,0.06033056437735337,0.05256474177070383,0.00682919300214218,0.05084865530411706,0.03253356861735468,0.03178018579540666,0.0449969282809075,0.08312448451047068,0.05544217955602165,0.04659628344298776,0.06944466644235534,0.06551700429701023,0.04752859984647344,0.06075458049662694,0.04897846348446368,0.02955513224915493,0.005511382229554473,0.008238716936084427,0.01052173780837421,0.02851913308396546,0.006110340453846675,0.01331343173065118,0.006612798532064456,0.009147592757518596,0.007146905436566618,0.0110382371112646,0.008876256866110996,0.005144765963971883,0.04725027720494428,0.03722921363551467,0.01691706555487953,0.006444630334220087,0.006726232290484913,0.003418213601558983,0.003883758768250905,0.004974958981859027,0.003923468968809787,0.0001743177259009246,0.003124241100095777,0.009583613890574477,0.01493439941759006,0.004296361009593242,0.01432412636145644,0.008078035267046202,0.00418961197930917,0.002196579373783412,0.01060069405913849,0.01603216393325238,0.008895609876529298,0.02657808800519235,0.008098612584018405,0.00810305117147505,0.01288140694671474,0.01444161932939275,0.01463109482306383,0.0106811537825058,1.321178494184196e-09
G47,"Retail trade, except of motor vehicles and motorcycles",0.02058548514878911,0.01900111809935323,0.02924268850251531,0.00853310756796536,0.02715333820474388,0.05631243896789974,0.01869392011747642,0.01715124448060273,0.01397458869191762,0.0009256709160955456,0.02089949325712314,0.01179997130209883,0.01992575027906429,0.01363365527582222,0.02264482889291761,0.01576597446153306,0.01300310575057478,0.02180357413944343,0.02026715025880377,0.02753338813185587,0.0225910798145311,0.0248195728656557,0.01470019270664203,0.001567984455374671,0.002708883074274534,0.004347545784232265,0.009038656336859826,0.01106491904407493,0.00721316753720833,0.004208567132713173,0.004764267350667829,0.002627802310138637,0.004363794061532174,0.004150482337244061,0.002830509993083868,0.01735734255905079,0.02515889319207055,0.01708786894088586,0.002113701640965592,0.003577048027356574,0.002310897612779565,0.004046624858604527,0.003203079135119735,0.001803414412359811,9.051484278001261e-05,0.002204523010218618,0.003237433602729354,0.00414748830879552,0.004044864999068173,0.008824225504041112,0.005269366280360716,0.0007182948600810921,0.006496281960991047,0.005684304050556807,0.007299542180176035,0.005088388467553909,0.01129420668517814,0.005500489102052928,0.01012986701199368,0.00937079175403001,0.009706301084100593,0.00363575806572954,0.006139529537160791,9.724269657329134e-09
H49,Land transport and transport via pipelines,0.01280364665847172,0.01440359171837203,0.000148034091146646,0.02015389707557675,0.02963588415289077,0.01257634702856912,0.02936013497551341,0.04278207466980558,0.01571494349675091,0.004662948295855291,0.01705960021455298,0.004370374633286277,0.02088825212352034,0.07568607375506667,0.02223622718471408,0.0110785884623776,0.00391989147818524,0.01314156203123849,0.01046937228765151,0.00844281636455907,0.005182751677294004,0.01583146718080556,0.004662991895528346,0.0003560880648551968,0.00278100935830187,0.01219782669312071,0.003599950250404573,0.01109615040800121,0.06693352814095825,0.02613179658103824,0.1172375674265697,0.01193677306358914,0.003036981015357998,0.01899728027058388,0.02640688367315032,0.003083243470358015,0.00812181072764364,0.001331505280061763,0.001286448969363731,0.002031152464030988,0.00390173951642782,0.006243755047937514,0.002945485876391212,0.001437925316464348,2.612584741320355e-06,0.002220411822666341,0.003985945183501999,0.002411850704695183,0.002535494805951246,0.01040252168816699,0.01453661847849468,0.0003561168703028454,0.01384340400054139,0.009341753217872827,0.008118564907337103,0.00816703986466483,0.01273999177801914,0.008683666440374757,0.003150099459928781,0.00571797157637685,0.001253512087968792,0.003987805331725844,0.003801734531028719,3.828203131414693e-07
H50,Water transport,3.590478369876884e-05,4.288326610766796e-05,0.02120707845081062,0.006237349428501109,5.391771410556286e-05,6.479055267052663e-05,4.089933096101699e-05,4.412705037182353e-05,0.0003077444570853075,0.007202064600409491,3.888531804431649e-05,3.038876899270207e-05,3.062932152630285e-05,0.000663133240698985,0.0002600610607504833,3.935762760657517e-05,3.593435809767675e-05,4.731870406269031e-05,4.249428732621379e-05,3.718073018194561e-05,0.0003771848997710683,4.044718431981372e-05,2.813848445471291e-05,9.114887957681641e-06,1.222733414892078e-05,1.461210880040941e-05,6.878473284334692e-05,1.527636971861976e-05,2.5310973563899e-05,3.020373840539655e-05,3.786810367266493e-05,0.02861207639953158,5.422456790667368e-05,0.02805778593379109,6.633971176984719e-05,7.09146355390277e-05,4.067378032194413e-05,3.145657439172538e-05,2.742339232528206e-05,4.017170947137024e-05,0.0003621689737626379,0.0005732631897712424,0.0008334776327089042,2.192592816944598e-05,4.663318871760852e-06,3.198548630032549e-05,1.703107374407498e-05,1.105841247803993e-05,3.160296632481539e-05,3.08389890497831e-05,2.064486958681658e-05,6.898604559261479e-06,0.02164384073287519,3.016024496648935e-05,0.0001815433842860758,2.260476510546486e-05,0.000126224272113332,3.137120887005111e-05,2.37068865540692e-05,3.943081065657788e-05,2.356386445547629e-05,1.325284662124732e-05,1.406788869944636e-05,2.015625818950417e-07
H51,Air transport,2.408303943657085e-05,1.806660304910082e-05,2.110778641453362e-05,0.004574618420557468,2.674281958780966e-05,3.069479675230847e-05,2.620643338985747e-05,4.102385161527925e-05,2.425420576645387e-05,1.828344248886648e-06,1.806868132614193e-05,3.239252129174257e-05,2.516575234267525e-05,1.78710311708511e-05,0.003431860949404184,5.848834068742441e-05,1.692882492033053e-05,2.455894313610384e-05,1.748763706390683e-05,2.032959803980538e-05,0.001672977361342448,0.0009502348068171989,1.92760301030227e-05,1.662536450159223e-05,2.090749302892776e-05,0.0002153722175324251,0.0001404162730964132,0.001831446021291783,6.3137011500856e-05,0.0001167923749169495,4.039244424293978e-05,0.01201311568658808,0.1072448497116869,0.02296249004401653,0.01615961256897078,0.002356904051809737,6.088856994212703e-05,0.00112495365118135,0.0004907268355461053,0.0002463485698412056,0.008682464149699046,0.007071598331539055,0.002213853759160888,0.0001348201224152375,1.067470126425362e-06,0.009033521674075957,4.439283024299844e-05,7.864657528143968e-05,0.01143671519248435,0.003851038682469228,8.679257526348234e-05,0.0006535580347284791,0.1400047453704498,0.00461221720223199,0.001395041815028381,4.231192103130385e-05,0.0003048934088346724,5.062847696894582e-05,0.000852338759561117,0.00323505614561524,0.009560636171061645,2.304993032938151e-05,0.0001082550416811811,2.95981667297946e-10
H52,Warehousing and support activities for transportation,0.0006374755353495301,0.0007473757670471476,0.04187719182021718,0.000829877554188863,0.002982424911615382,0.008788102963081195,0.001878722716784147,0.003122155123531012,0.002339191028774009,8.42813286861138e-05,0.004760931115045659,0.02694954587096119,0.004675362921087425,0.00403317351112734,0.003321901934150269,0.002828287058727118,0.007682355180278002,0.005798293215726984,0.01338426952425404,0.01991754208066037,0.003894078758651419,0.003977151871841895,0.004486111683678725,0.0005316116344591384,0.004250478102917856,0.009171071389462774,0.001099992385568906,0.008392231176666131,0.0666739880708302,0.03933750105693862,0.03972192845385975,0.01845312701667309,0.0004409509800026983,0.1704375788670535,0.03879890648927777,0.00231003918927441,0.002893505463641506,0.001258440143344182,0.004165183901191937,0.009688646605435548,0.01235240829833799,0.00945313316973893,0.007707367187673648,0.0008236071207307338,0.000148518601688465,0.001618656026736058,0.0009833587968011929,0.0004470465574458274,0.0006950415762940299,0.001553023863889177,0.01006292358145199,0.0003868949424078601,0.002159345661572526,0.01103667463562935,0.003194569690660589,0.0008771305365074181,0.000829466597569391,0.001150321016281389,0.001096008234427736,0.0008982858744418375,0.003252451618121981,0.0007221371104642366,0.001223282518629566,1.221067164829883e-09
H53,Postal and courier activities,0.001882835188075441,0.001989741572191543,0.001954868987267968,0.001047799088722912,0.004656977913514866,0.009413936860603359,0.005278049187525549,0.003327417568139429,0.005083029654711914,0.0001339690924301851,0.005850796483657669,0.005552181990654874,0.00277302976323915,0.00901872711804025,0.008269651258584611,0.003318747363183311,0.004088493862327394,0.006429801783701681,0.001826624072817633,0.000856229164128071,0.001136121532381955,0.01250295574611674,0.004126640943375947,0.001527486580718551,0.002239498746783115,0.0005797536627339412,0.0002368364505622926,0.00358367802066022,0.008668157218631817,0.01303802481545134,0.004000740025063082,3.467701146983844e-05,0.0001596663478656023,0.002674288543674143,0.1035973921816253,0.0007006449101346551,0.01073627156084452,0.002088155021442586,0.0001061766070221134,0.005483014792265948,0.01845710211269267,0.008576857864772892,0.01023274697207228,0.001492334165372734,1.418489524499204e-05,0.00487463469617865,0.0009695694667559532,0.001203455006582372,0.001658808576457133,0.005224421422334737,0.002822332966043737,0.001072542254359441,0.005404238889991051,0.005001241449304407,0.007224731725925451,0.002317167209699742,0.002408695999682666,0.002929171784495497,0.003660756499164492,0.002356738109702685,0.01239214546783949,0.002642738560600438,0.001415324274285605,1.646157504286848e-10
I,Accommodation and food service activities,0.0002331299697038319,0.0007630985547231402,0.001020701237496519,0.002168921744501501,0.007988064488302195,0.001330479858978684,0.003795609477025825,0.0007381932914895343,0.0003896017535746078,0.0001251791400880066,0.001892935365508694,0.003860433547667639,0.0007880502678300193,0.003815994156290445,0.002221997995522544,0.001142289491501765,0.003410409985842996,0.0009545669076994793,0.0007672839496835952,0.0006709181849035454,0.0006245200267672943,0.001452170095292212,0.001014921629604839,0.0002878114692912903,0.001016789012005056,0.0002947178070674129,0.000268432560817868,0.0006046799407609084,0.002411778479132167,0.003244450478511867,0.003107734300017069,7.097124814470615e-05,0.01368571240487571,0.002128496122500241,0.001429901185610681,0.02021535871406944,0.002553387677446843,0.006539065079217965,0.0009680806520705487,0.005706878314251252,0.006318159175961068,0.01822484995824791,0.004665457462409436,0.001609790371096029,5.932861886339641e-06,0.01052546663731866,0.0009145389446632473,0.001156712100613424,0.01032292743806905,0.008660912688754015,0.0007120293835541134,0.002017064098639173,0.05969452547784481,0.009847338936231579,0.006897568352447985,0.00618295779923024,0.00649194734108042,0.01268006612579705,0.005110015877832834,0.01189324725109207,0.005305261797245647,0.0008233102140489572,0.001169113570297054,1.373471579284065e-09
J58,Publishing activities,0.0004166111931838035,0.0002878769139512632,0.0001713990644822578,0.0002854023574506074,0.001074800634473552,0.001845596652081155,0.0003089692275372177,0.0003706908899103719,0.0002994983430648815,5.202769024032968e-05,0.00111921674808735,0.0008928445088725127,0.0003884371317316651,0.0003682462045992244,0.001677350363114701,0.0003686301224182922,0.0002369966246830187,0.001881704419451883,0.0003693091997520646,0.0005733143781189718,0.00165284512430044,0.00062845392809337,0.0020606569938423,0.0002538129389421078,0.0007462755831752617,0.0003415780519063427,0.0003398777033268249,0.001943291972139388,0.00122063391069403,0.002226205883206506,0.0003761544406707805,0.0001408759877509493,0.0002540086456828293,0.0005812455256767035,0.0004486026416293983,0.0008649845961869367,0.00194502375734125,0.007841452770539218,0.002005350836586363,0.003246409601592786,0.001535239944883556,0.001864478945752844,0.001256951051478112,0.0006096998642224502,0.00010430088462566,0.0009460025077944858,0.0004398201247116668,0.001764783388271098,0.0002366791326600383,0.001555697527452544,0.001049547880832303,0.0008007769907634652,0.001875668385992962,0.0007776629965751181,0.001562444263011474,0.002303238085246136,0.0003088555161266274,0.001623525780357824,0.003428160379455197,0.003427969071325239,0.01549226687695334,0.0002564875604559591,0.0004879212154169312,7.258534749304803e-09
J59_60,"Motion picture, video and television programme production, sound recording and music publishing activities; programming and broadcasting activities",0.0007812138881981002,0.0005120236865579234,0.0003016642838457024,0.0003948241790740457,0.001934986136077566,0.002012090110471058,0.0005482888123730978,0.0007093129871897303,0.0005067260613478145,8.922590570745776e-05,0.001652944604670654,0.0007033223765899895,0.0008413531645424428,0.0006875901292134668,0.0004313592660332082,0.0003658418525529116,0.000385432213946414,0.0006431076924140679,0.0006599261644450909,0.001167142452838778,0.000472046880265274,0.001311904239615832,0.0004045661243686536,0.0004060770298179995,0.0002141928738581884,0.001152509437033274,0.000574098851749706,0.004131425218382606,0.002518028339855743,0.004730369029301614,0.0005976075395303531,0.0001130215853741647,0.0002353023289260362,0.0008784228126379927,0.0005537387328164898,0.002117839338265928,0.004020737441774786,0.1170801960745447,0.003293506506835713,0.003248044346993189,0.002321360389428866,0.001688013686912895,0.001014659064184393,0.001145418637186324,0.000234693801489282,0.001488371372874187,0.0005583633456722566,0.004206265578530435,0.0001442285831874609,0.003134135637615197,0.002115660974611553,0.001128239580384062,0.003690196383639132,0.001194112903772026,0.002672752659618632,0.001809286688326453,0.0005893276297294199,0.001564447131783022,0.02076982336292657,0.005044189817725349,0.0316549866084859,0.0004881925216906869,0.001106716664730167,1.96628117830141e-07
J61,Telecommunications,0.008091738875580134,0.006150144463934768,0.01246886808204616,0.002771354723592452,0.002557495485916108,0.003932641019135745,0.003642053447304213,0.003856059205226834,0.006200892041593116,0.0006280689553849892,0.002808406377871788,0.002936514770335141,0.003052302345034291,0.003105216315871523,0.002733984167875811,0.004391780440405469,0.003488630203227401,0.003863105042190246,0.003593151545335336,0.002109734636143555,0.003233882610066829,0.005244786603895147,0.006466953259162884,0.002580631901153253,0.005192925951245645,0.002445206232178939,0.004866364503548542,0.005536035928979804,0.007349419300429942,0.005225032733774055,0.003735925706156941,0.001097962659636663,0.001304545195373736,0.005809824319556576,0.007674838653515473,0.00436248147289728,0.007031688129955479,0.004647107849171816,0.001356831329641784,0.01252978711299288,0.01899486976196479,0.02020112853092085,0.05436123348801649,0.004885800056929211,0.002330073774902097,0.01346878589712942,0.005830400490115067,0.007896006463073828,0.00870984914717212,0.01077254235336189,0.005212177101929376,0.004834139447543717,0.005436728160645403,0.01096427152159178,0.01206628523308658,0.002708398735950959,0.007314493904634187,0.006706460579065103,0.01617124198680891,0.005724288076007402,0.007323816743544214,0.02359571806907153,0.005700363786864335,3.893696659050628e-10
J62_63,"Computer programming, consultancy and related activities; information service activities",0.007905291891772045,0.005653904647710306,0.005112640037662888,0.007749046607049398,0.005475442887967371,0.006721483050418315,0.00435703905394218,0.006343411199110408,0.007372105098613153,0.0007706829189373962,0.005053292064336274,0.01216099197880956,0.003249203539768293,0.00535261939376761,0.006312802538245673,0.005193926458545436,0.02119415996048216,0.01033993248037006,0.00907834193456126,0.008167553407342263,0.01690173161771987,0.006884824348208202,0.005409005636994402,0.006781806469739339,0.007743227013712334,0.004066062819852155,0.006155110895033102,0.01476773222131291,0.01064557869402249,0.01386604569394902,0.006225040946390507,0.007258026737471023,0.006152485754431531,0.01226085738805535,0.01555145441674194,0.006058116142405354,0.01878462609725958,0.01076311613786655,0.05241222248095678,0.07541834813765314,0.02515932829033549,0.03388217346903814,0.0520669519851345,0.008666086478423774,0.0001066371889219754,0.02332439223635483,0.01329646345070318,0.01943356342162966,0.01176424719551338,0.01778239846690224,0.01053373976286484,0.009552453165859669,0.007425900700121217,0.01629143112134906,0.01356899099055062,0.007029788469153656,0.009255004815492294,0.00837500643557074,0.01415641372619485,0.008548216035986562,0.01921544727721568,0.007012570737136437,0.001717649587839932,8.71604337772816e-10
K64,"Financial service activities, except insurance and pension funding",0.03650017736899435,0.01733128727052907,0.01670362990498774,0.05818431577410315,0.02357708833063222,0.02917286940797084,0.02187397124881795,0.02123495510247714,0.01043401210823843,0.02264021477813873,0.02985881451006714,0.03740773724568969,0.0226037779647329,0.0389832497459043,0.02003207339257616,0.02303300507118008,0.006503068695514099,0.02503591541787156,0.01338791129772467,0.01649020803234375,0.03742245787943738,0.02413842041943557,0.01678090202712541,0.01099577894898843,0.02031665810202399,0.01806748520353061,0.01149574332326676,0.01589208852341818,0.01287315309409759,0.01464080096423628,0.0149327895469683,0.0140969166222509,0.01564738994976806,0.02422711260701708,0.0243704100551983,0.01492430641033916,0.00785491086473664,0.007457894253907625,0.01609014947658449,0.0145921012011454,0.04362666610413795,0.01842642631997977,0.01170410461963878,0.05326985778247278,0.07182164784483672,0.01743667804705213,0.02057779173956182,0.01182864355094463,0.02209675700560606,0.01872438420557545,0.0219633205889245,0.02038448677190605,0.01421552723170686,0.01487544204394873,0.01802859289306687,0.01000961615153804,0.005712852930206278,0.01323950631047852,0.01413675653622151,0.005880508260361452,0.01853955146204705,0.01186630961514383,0.01918975344405787,2.057815514265296e-07
K65,"Insurance, reinsurance and pension funding, except compulsory social security",0.006782336588622639,0.01592082917270547,0.0315191992569069,0.002914590659706791,0.001555763508939755,0.003787327663866575,0.0003451653653679009,0.00369277810460987,0.003473346889020712,0.0005140993174806326,0.002416616716147782,0.0004378685327753718,0.003461523690095984,0.004525600640994684,0.004609470699473605,0.0006703628691115085,5.59299066367898e-05,0.00467628029489625,0.005033916741273629,0.001212630959626677,0.002141398202258265,0.002403498536778187,0.005325259923797871,0.001192727270715836,0.002660571362678027,0.008564713233828158,0.003702593830879241,0.004443115163338169,0.005393651041041783,0.006526565007771205,0.003199427324476329,0.004794152576225459,0.01256433048720551,0.005575685452715791,0.005630193519878703,0.005047929913133842,0.001877552022967473,0.003086363536683486,0.002955139510041416,0.00543844555372714,0.006574834658254298,0.1527220691799772,0.003226447450235515,0.008640767510144308,0.005311379731199098,0.002957083895947249,0.001717941908884721,0.001982454247123483,0.004152196932873203,0.003641687193425213,0.005579615949439275,0.001514992063198367,0.003440505866729655,0.00183014731328052,0.007154301527934909,0.004628387706461399,0.00966299706320497,0.008001706707782953,0.003608526453444756,0.00415674231126847,0.004095045080496807,0.005588297496709608,0.0009523885275644074,1.11773175443648e-08
K66,Activities auxiliary to financial services and insurance activities,0.000337516201785439,0.0001839048874967287,0.0002287760310624456,0.0007689072645803689,0.0005014378440128163,0.0003644731814711393,0.0001164428145779171,0.0003326367947928918,0.0006335808731195185,0.0014476423883828,0.002099345050323346,0.0004697126776090862,0.0006215505081334591,0.003195806467808079,0.001302521851996877,0.0005259195915867855,0.0005231800011964886,0.001085273640758793,0.0005167419160599661,0.0006884955705004453,0.001127639649393057,0.0007296159203668442,0.0008480677582064178,0.0002718893334856087,0.0004631742110647187,0.001811949443336016,0.001142113674584597,0.001022831946302482,0.003777702293774164,0.001845678908145585,0.001373031824806282,0.01005080061170102,0.005392352739561779,0.001328025873918957,0.00156102692012346,0.000865292258175981,0.001453075682604565,0.0006239862686858651,0.003031284966118736,0.006027212119745599,0.01697467064282387,0.01914947094530252,0.0458701307834973,0.0007978197509957263,6.570145185321955e-06,0.0030781246077173,0.009762808926046711,0.002357546546785306,0.001889199096435425,0.00412192323269084,0.003237743526733781,0.003412529615508799,0.0005778948009062713,0.006056708799180942,0.0004691242603916967,0.0005337222105837021,0.0003711979987668708,0.0003404019243622583,0.001352444016049562,0.0009878300131588305,0.001006316890937728,0.003033022308976455,0.001037876829588444,3.091040072274116e-10
L68B,Real estate activities excluding imputed rents,0.000115124288638443,0.0001495974378322422,0.0001752840005821171,0.0005111712404517489,0.0002292258722964021,0.001960286534847018,0.004524488313798069,0.01487454226981065,0.004130606950657667,1.78335239147381e-05,0.001277580196115329,0.001463315091385721,0.006838980759643537,0.0001178049767546442,0.001904584855781684,0.008390142572642196,0.0001147090016272782,0.003160097050909936,0.000157087047653175,0.0001211928221674495,0.0004294672668515217,0.004070289135149084,0.002260114767772013,0.001895364956942841,0.002052177873591746,0.00457494759209579,0.001099123611228655,0.008414306686786398,0.01978182832255083,0.04597070660528462,0.004315563938842549,0.002719686958546106,0.02378032562805111,0.01921238468451092,3.3211707954051e-05,0.02547785476296551,0.009977474270358975,0.01015098138417557,0.01930172703246624,0.01501218051949306,0.01135449752922454,0.01640286588571659,0.001698238328592163,0.01412295832918876,0.0005197278442479634,0.01732730298337126,0.006582506638763152,0.004679737064375969,0.03027127808804295,0.008735408039885286,0.008021387786995007,0.00340726735514693,0.008077327209473295,0.006402591859310755,0.01582654557104384,0.01048038172226918,0.01305624115957073,0.008458717543351531,0.006840105880202895,0.02446753445652125,0.0002163665389574558,0.01108128573744601,0.01389586974008455,1.63756521403278e-07
L68A,Imputed rents of owner-occupied dwellings,0.0,0.0,0.0,0.0,0.0,0.0,0.0,0.0,0.0,0.0,0.0,0.0,0.0,0.0,0.0,0.0,0.0,0.0,0.0,0.0,0.0,0.0,0.0,0.0,0.0,0.0,0.0,0.0,0.0,0.0,0.0,0.0,0.0,0.0,0.0,0.0,0.0,0.0,0.0,0.0,0.0,0.0,0.0,0.0,0.0,0.0,0.0,0.0,0.0,0.0,0.0,0.0,0.0,0.0,0.0,0.0,0.0,0.0,0.0,0.0,0.0,0.0,0.0,0.0
M69_70,Legal and accounting activities; activities of head offices; management consultancy activities,0.003626642958796203,0.01063114952403303,0.009186484981267016,0.01823245904105822,0.01130826725586082,0.01407494630866298,0.003391795119613095,0.01241133272700326,0.003466611342385039,0.0007868653161834069,0.01768452455253591,0.02457354040414924,0.0096024596130749,0.01040053876013842,0.007667317859703874,0.003895408241751764,0.01368172666140164,0.01435522248191943,0.009700444749874108,0.006506329463557971,0.007102601440056473,0.01724848007462396,0.009011837608494363,0.01988907611885401,0.006432432204596016,0.007785405963200201,0.005736511654467287,0.01028039865580803,0.02335353531319417,0.01916784432484114,0.01430629384942748,0.003878962741602345,0.01115797167613118,0.01087274684226961,0.003448940231817967,0.01127108271958877,0.06798146395602517,0.02179445362367992,0.03475199315543197,0.05064355152010096,0.06933001853829932,0.03180278076981186,0.01419656576921443,0.01945825652367653,0.002716260380316528,0.077769198441942,0.01292334071863026,0.0381660865775949,0.02084150493928985,0.02772515172852946,0.02347755803223806,0.01600188491221525,0.01811295327145264,0.02033768764440907,0.02407195334946709,0.01083366398699709,0.01581137470061959,0.01458199680423756,0.04514828936755667,0.02718795794287064,0.03439011226445366,0.01080354473703806,0.007153781265810137,1.437839559445181e-09
M71,Architectural and engineering activities; technical testing and analysis,0.002171251424600765,0.0008815049126740228,0.005510641197674967,0.0102670764322366,0.003370449109671071,0.001384080782276246,0.001514423804279769,0.001160166257890155,0.0006480922673975157,0.004455575018932384,0.004870651432651564,0.006794715373795249,0.0007739097514874659,0.009259459602100742,0.006311294334056586,0.000634187091412964,0.0007687418065136618,0.004377298892821979,0.007878782839327168,0.0006388580878543632,0.02282692369601691,0.002250957734028638,0.001392638116134487,0.00859982266606082,0.01358393928454544,0.008330031461559083,0.01366169601648238,0.003303599749791345,0.001204217862978666,0.002565570899638237,0.00098466651648514,0.0007076274087664226,0.001592887956877666,0.002486395886173537,0.0006440463439670176,0.001199074114524485,0.0020237487216525,0.003957005858262196,0.002307543151659998,0.003476723811776859,0.01074049269985137,0.007761066051168288,0.004326063838349423,0.001770723613399891,0.00459072986823192,0.006736353159259638,0.1673539112761519,0.01537894836386114,0.002435583828412307,0.00893837594209623,0.001577081396203916,0.0008043295837780006,0.003240651310864555,0.002589730993655543,0.006541910861677597,0.002182764504600788,0.01095337787879083,0.00126671046279157,0.002910230180641555,0.004606961731486215,0.002549938525399867,0.0004269465847455673,0.0002835151207913419,1.833309546561525e-09
M72,Scientific research and development,0.002703945002593351,0.001805338410776759,0.002780879406830906,0.001471632114432616,0.002750826722699529,0.002406245329008745,0.001372753353635538,0.002156402537777267,0.001670353033825806,0.0003264584070610073,0.001792264831422167,0.001690620329735492,0.001049062675847445,0.001660020950711079,0.002387189500195442,0.001511115249741316,0.001752212093693115,0.002780758039730022,0.002033972003116922,0.001618872087749768,0.002578980755988293,0.002610444826269495,0.001036445179877356,0.0009626783750929311,0.0008927873729063075,0.001131677738111697,0.00136270099097018,0.001421775817939547,0.001663897355280923,0.001296958039659564,0.001033318887030915,0.0004453140677986662,0.00111363483651387,0.0009117763856696844,0.000506957250812874,0.0015940698622115,0.002816554409235043,0.002086278453108958,0.0014858080866887,0.00223947657375002,0.002151503759630996,0.001886914993624004,0.001296922952102249,0.0007326348741093646,0.0002007879020668317,0.002028926659137865,0.006383092173558577,0.1111088827860176,0.007375218239013358,0.01368998771282828,0.001469950471450734,0.0003837885888628453,0.0008843545059935135,0.001686358635270517,0.001550201219572566,0.001012851882343164,0.001686294116769169,0.0007597757059765248,0.002673928513713033,0.001632929680090058,0.003527250041216911,0.001353284920695579,0.0005976980705904765,1.628928805370212e-09
M73,Advertising and market research,0.00288320072884492,0.001825936582116165,0.0007217606057155603,0.001479195419775605,0.007689023590381643,0.007300357662424234,0.001932054747200037,0.00265882990912335,0.001829416593815502,0.0003584530938732979,0.006596195407342372,0.002592774114464719,0.003237095940796913,0.00265903437233117,0.0009087435984552563,0.001163258751046174,0.001389690999076667,0.001831397388184748,0.002431997038628315,0.004496178570194888,0.001045390318821191,0.005155176178477466,0.0008454140241777924,0.001706344857445722,0.0006134674821575372,0.001169429992193,0.002201203935613019,0.01738287476903922,0.01056316985603422,0.01993440405852727,0.002384391152740701,0.0003464347833954334,0.0005810072702360821,0.003472912227111586,0.002122994917736605,0.00657272715243816,0.01634827228586201,0.03692450071372189,0.01349778585119533,0.01272800632878822,0.009601543010781425,0.006478913982438915,0.003470008116515106,0.004785536306988107,0.001007916987445751,0.006257494223493463,0.002184562412254469,0.01111043602476221,0.0002879201199212593,0.01302013830364904,0.008859313606708129,0.004852761492741992,0.01525195688398146,0.004951142513790912,0.005311724368799547,0.003646151402994106,0.001497520220292608,0.003294290532191576,0.02271208952317368,0.00937472149342077,0.03008140969438418,0.00203884343881677,0.004606243203699511,4.428388231365818e-10
M74_75,"Other professional, scientific and technical activities; veterinary activities",0.01481864883333192,0.000289401097688368,0.007084477344173856,0.00118639674719382,0.0118930465161161,0.004199599661644478,0.0007370552765439721,0.005065541340789986,0.003413810967816936,0.000199175389776886,0.00190434936987239,0.002456216975530776,0.0006032109192698764,0.001447270485330912,0.001130341308868204,0.001076780778221402,0.004718552143882472,0.008339233330014191,0.0006483209337933655,0.0006597957137770517,0.001844126364468847,0.01195239537432813,0.0006791210787833985,0.0008037385891613863,0.0003228868701047174,0.003232193596028044,0.0004643774057872367,0.0040535404596576,0.007533986345756039,0.003922630981060178,0.002072971805164013,0.0009298890086636944,0.0003860151886450697,0.0008982873109208132,0.0001231253451999714,0.001379472704781857,0.007806087000604958,0.01187060098845693,0.0006698952255602324,0.003149934418094692,0.003666013908915046,0.005954555170879713,0.002177094820258867,0.001274506406279939,2.045461809936822e-05,0.002794305531686803,0.001400762471621344,0.0254776671027561,0.07164332156651956,0.1346095007639315,0.003750045437059553,0.0001454314563106167,0.003787280927563562,0.006305826453642457,0.003096305070960638,0.002812778384492604,0.002821091447073276,0.001153610427826468,0.01605989130404335,0.005125486507878208,0.02273898909568864,0.0001169316671075218,0.001643796471077337,2.106265359729896e-10
N77,Rental and leasing activities,0.01061012201255969,0.009693716657238402,0.01220031334123014,0.0129966645547654,0.003039632326684924,0.0005568349356775428,0.004736003308099796,0.001954138649760725,0.005835487208846805,0.000912222744863303,0.003087631440459004,0.001848358809395479,0.003690466696339314,0.003643382434266099,0.009772625727537175,0.003615681279553878,0.0003014046624116616,0.00342301089772678,0.003429975460259739,0.0002564167920955442,0.001497852401211551,0.002102259067792186,0.005067541077079249,0.001054240074450316,0.003098839593976619,0.01256171956999475,0.01238780319662045,0.003572872599773842,0.006921856708709711,0.004735128261903201,0.02763024230904447,0.004547029485775255,0.05734294335488234,0.02017863829588624,0.01308548464396505,0.003501798298092472,0.001675423097436347,0.002837604526762255,0.004684365549150346,0.002459462906126048,0.0007998718782496663,0.003820779919377628,0.002108970999200968,0.003398260171407459,0.0002092828363791418,0.002793090171729301,0.01169990914015603,0.001496601575558066,0.00268993438576446,0.005526108355245933,0.0294945710078136,0.0008712037477105262,0.002391423182373094,0.007385039823147805,0.001020651021973428,0.005932001169370632,0.00539810499434971,0.003157908762694043,0.01229076795302845,0.005402714747111911,0.002724290666028741,0.001370686879775669,9.258110891562722e-05,2.580726852794899e-10
N78,Employment activities,0.00737264031391672,0.007528484163880945,0.002784919699010192,0.01568711995763396,0.01428670855761106,0.001493772968432647,0.00600014430833812,0.003328596491053984,0.006438539047263991,0.002014249441380921,0.004712479215094363,0.006245964845126061,0.007620243080205078,0.005644701994497302,0.002906622817570365,0.007591290820645442,0.004704543387792156,0.006733692988433317,0.009239317403714671,0.01019746003360688,0.01261199932674685,0.01150123365051204,0.005242945027436424,0.003484361226520033,0.01442304296718297,0.007935248929173666,0.006511137540574768,0.002297635702620389,0.008848820243949241,0.01227872777907407,0.02122465069327113,0.008742959247609785,0.001287337459532413,0.01782644321755948,0.02454854531577822,0.004069263605149715,0.007224871742808179,0.00411326767313363,0.005345000569705937,0.01064710788387592,0.006138494354152415,0.01356926345248682,0.0003192360316079851,0.006391904386869683,1.684522689603898e-05,0.007003804002913762,0.01383207307337556,0.01850814997556888,0.02047717248590664,0.003833878056159733,0.006179162527201871,0.1728207040534229,0.004505608225784288,0.008212547109779443,0.005265138337643804,0.00842780651467795,0.01907984250781788,0.01897594851996561,0.01324365144007325,0.005721924331269375,0.008516537860932769,0.02171424465892375,0.0004273902897413992,4.761025453736306e-10
N79,"Travel agency, tour operator reservation service and related activities",0.0002820195887112527,0.0003651993237707731,0.000462042077319561,0.0001819526651272633,0.0003761658017789212,0.0004556241247480952,0.0003236495845450781,0.0004016035779562437,0.000331506736657105,4.129743730922445e-05,0.0003142541284403655,0.0002197206072642442,0.0002127506906808769,0.0002814879480829556,0.0005107718636172856,0.0003567983448484358,0.0002884709664110198,0.000428646394248839,0.000397086477810704,0.0006725625016567679,0.0009895541608575644,0.0003107721134961794,0.0004291940300401678,6.305039281103412e-05,6.598636517167133e-05,8.391257522956284e-05,0.0001837919781852467,0.0001759914022896204,0.000148418493965404,0.0005504461630665423,0.001333132099081185,0.07058810365593046,0.00435737877777699,0.001213400236249401,6.036459286170102e-05,0.00806006363597589,0.0002742991643024962,0.0005779644355251772,0.001309587020384305,0.0001991800154911651,0.004102546104805747,0.0001555158320741082,0.006063883583309305,0.0001270303777922731,2.125636035725887e-06,0.003233307819801617,9.527480947372867e-05,0.0001458841046048177,0.0001341710543043197,0.0001400652150966292,9.753760190244478e-05,0.0001610610601147917,0.1655214175388415,0.0001146490444125675,0.001342860268921947,0.0006373731285359154,0.0006124319384353702,0.0001088510879469628,9.699725984216503e-05,0.0001753749336993689,0.0001143337861167263,0.0001142204816622964,0.0001016218584257616,4.213729155128394e-10
N80T82,"Security and investigation activities; services to buildings and landscape activities; office administrative, office support and other business support activities",0.001176635044914092,0.001235223211943696,0.00156524697946853,0.003162760118831567,0.001490476327809328,0.001610789154762036,0.001200467378031637,0.00145564488938693,0.001242435614930249,0.0009074843180365813,0.002008193375459749,0.00478468197505319,0.004549741336508331,0.003618070740964337,0.001892156665745054,0.001213603700756422,0.001580002579257544,0.006058904155703653,0.007327667103015411,0.001892137905420239,0.001433990740904854,0.001541637470154539,0.002266590331707258,0.004939584340458576,0.0003849116667683637,0.01185469258450387,0.00722132649145499,0.004198294216111007,0.01617682380694648,0.005438432005333321,0.007423086841918978,0.0004447098376455482,0.00799060123693341,0.009902129662143285,0.002278196535472597,0.01342186635995929,0.001657765651969266,0.008786784531812511,0.00904629896948055,0.0205649864240148,0.02709495376134669,0.01284580277659648,0.006203684836596686,0.01063518617926342,0.0001094757167174018,0.02194950196614569,0.004550180425688484,0.008106812636119995,0.003196509406219346,0.008792245916365531,0.004748242157194073,0.00302568592503018,0.008422097189666617,0.1446639815125437,0.00927160471925528,0.01228415256791453,0.01055912600591128,0.0101855302864759,0.01679871423057561,0.03037483285259842,0.04503220150774764,0.008029921608415563,0.003081621836089459,2.488586024778287e-09
O84,Public administration and defence; compulsory social security,0.0006094545894117134,0.003981899315298118,7.48009011356728e-06,0.000804400889732104,0.001449932159316276,0.002014074339801763,0.0007710989696398708,0.001476455911775109,0.0006755882470717522,0.001063689512647143,0.002281288701294965,0.005514480108488929,0.001635252362937381,0.0008606619700083061,0.003218591897570569,0.002253309677564507,0.0004885781628933631,0.001367709426332424,0.001478229724695384,0.001037817792895962,0.001633139615709204,0.002640787565255429,0.0009780604748034036,0.0002960130271635682,0.003313922029425462,0.003418159211978066,0.00479066524682605,0.000684241760066368,0.0007521143450204222,0.002960645559525082,0.02870046386568511,0.001754410063596809,0.003771513351247271,0.000586922999603996,0.006505001605475934,0.001033488647909218,0.0007882978987894845,0.0007857220335076261,0.0008077673735683769,0.0009792212261165484,0.0009738810097483686,0.001053964878536467,0.0008738366146260752,0.03269347666861216,4.404430370453756e-05,0.001600537541804225,0.06422827092011908,0.01044822293258746,0.0002037032532005816,0.0006334678377689355,0.0003179660229228624,0.001815428436895712,0.0002111684630269313,0.001490709036383904,0.001694359606888201,8.210988745627944e-05,0.001005617768140411,5.859757989503519e-05,0.001471382891550039,0.0007937697325386684,0.000813055220177249,0.0006900673502866934,0.0006345033301007577,0.0
P85,Education,0.0003175340559229213,0.0002241959420894627,0.0002062210013556015,0.0003738355570021957,0.00143656467877523,0.001753373980231513,0.0001650126655516005,0.0002008922730077458,0.0002378057040561998,2.912664150762468e-05,0.001199054061522432,0.01084791256894126,0.001924297209206495,0.0006602396659211007,0.00082227035189552,0.0009515461326862226,0.005284453641087351,0.000997028177260613,0.0001930336909109533,0.0001964762134673087,0.001477867338844722,0.0002993193768013429,0.0001806138835253194,0.0002327952026430733,0.0008500613983813399,0.001194263579670216,0.0004089879252261844,0.0005644567214354829,0.0004847154995570445,0.0006814928375112413,0.001620281839996886,0.000291132554754241,0.0009862668019973077,0.002771945670843196,0.0009608044446735891,0.0009617154842102519,0.0005928186565018103,0.0008639893894547614,0.005027472995769153,0.006822004623292168,0.008413846218464817,0.00901543329652061,0.004862705674645507,0.002189793558168215,2.145700358303707e-05,0.008922828682161788,0.003002897543893513,0.04152323184838373,0.005308726122923511,0.01099309727511496,0.0006829174838787449,0.004038661745544654,0.01379226569648562,0.002521658778606666,0.03117006367446468,0.08224374397790943,0.002117123200990334,0.01185938796725455,0.000615195986962526,0.002213471103610045,0.003471044631800922,0.003503269870613268,0.001031441350655767,2.011487794618215e-07
Q86,Human health activities,0.0002192130184304892,0.0002593948986898272,0.0003130731004398745,0.0005325827034913324,0.0003851296071368475,0.0003173218501977906,0.0002262432883693745,0.0002849279026746471,0.0002470942202963159,3.017312381366187e-05,0.0002223997244261343,0.005588381325181725,0.001543393934786811,0.0006947802273121373,0.0006245616886710582,0.0008610676854040936,0.003853744046493351,0.001017461602033666,0.0002907666668701838,0.0002282039014127803,0.0003415383231211223,0.0002296451318246425,0.0001434183497001816,6.850255491023399e-05,0.001232798387538527,0.0004531593247898398,0.0001527184767566691,0.0001418395356152249,0.0001490954762522291,0.0001887007664140243,8.378551189986506e-05,8.253364273154219e-05,0.0001425387868220122,0.0001453826884435299,0.0001306497307439389,0.000283686066989708,0.0002765452730547325,0.0001912794047729083,0.000433378632937806,0.0006161387963362962,0.0005132277336622377,0.00430226382055392,0.0006094517992593762,9.789254746386575e-05,2.030122444895728e-06,0.0002167761889107283,0.0001330608924607355,0.009168898024946314,0.0001445122406385661,0.0001844786976244303,0.0001132824968586589,0.001844367909592852,0.0001766082140948483,0.0001592727655540658,0.001333731292315832,9.444285265094935e-05,0.011059494195364,0.0001146657258371383,0.0001358470600687467,0.001921980302800427,0.0001649933272359679,7.325080214685304e-05,6.599942662912666e-05,2.014759465968803e-07
Q87_88,Social work activities,0.0001556876400929755,0.0001747268603573631,0.0001984320537139343,0.0001739169791733113,0.0001841562855151029,0.000129610132037794,0.0001549016159437459,0.0001534564732175827,0.0001400393147862794,2.253084243356627e-05,0.0001187603553767583,0.0001303673030599772,0.0001935409043873044,0.0001351964042748097,0.0002116842832772376,0.0001427748202984274,0.0001094279688757282,0.0001487222993434359,0.0001330075983984995,9.069410950773647e-05,0.0001499941250303784,0.0001179212021872883,0.0001104467121654916,5.709372575403151e-05,0.0002727773896081967,0.0001305540312565473,0.0002811410078353611,0.000108534224947123,0.0001790314453350259,0.0002451562421524031,0.000254578019720347,7.208014440818093e-05,0.0006129464752424349,0.0002605284091037385,0.0001584063447487691,0.0003640275075812683,0.0001637736557567873,0.0001535593219657442,0.0002784950211239234,0.0003802795566204222,0.0002266584820326468,0.0003784197387723228,0.0002526232808201307,0.0001550501768526541,2.455434524167166e-05,0.0002520188767886467,0.000162612315606058,0.0002360360516260826,0.0002334142040544068,0.0002047780703999777,0.0002689852582066704,5.480360144780251e-05,0.0006378171820576419,0.0002193886719340891,0.0002647763803753734,0.0001571378258127291,0.007215710509673986,0.1293232137028358,0.0002004296419126939,0.0002566250607160134,0.0001333811230789308,6.659473362553103e-05,6.527183584688021e-05,5.572617144517139e-10
R90T92,"Creative, arts and entertainment activities; libraries, archives, museums and other cultural activities; gambling and betting activities",0.0002852571359669346,0.0001105697118014835,0.0001512858600271203,0.0001806081788086568,0.0002147896957863397,0.0001508304159080086,9.106776895901518e-05,0.0001605079863208734,0.0001557207820019284,2.038337114572933e-05,0.0001026943953900686,0.0002489659553510767,7.99063750306003e-05,0.0001159022983542942,0.0001111720444861991,9.875262339696474e-05,0.0001421020180898816,0.000217350881649571,0.0001389876380832744,0.0001474512234425186,0.0003256571950366353,0.0002315850416474352,0.0001030617308667549,0.0001500629139650211,0.0001623124316303747,0.001070998773438548,0.0002395730197864643,0.0003450342594520371,0.0003210022352674719,0.0003696934321040278,0.0001848603960944278,0.0001570209993517352,0.0002329496019472613,0.0002969911093011371,0.0003200122591594075,0.0002842991006665414,0.00719680157211723,0.01703126703183583,0.001034705400432786,0.001544062614823744,0.003112294898744236,0.0008356495769958025,0.001050988283488061,0.0003613313017570778,1.860837674783987e-05,0.0005377199517264267,0.0003241132731828826,0.0006616205020724966,0.0009213187840601725,0.001580403884235916,0.0002734937128583072,0.0002360837094521779,0.0003073718275671473,0.002324004459011165,0.003081430071459745,0.0009101363679409272,0.0007885028879726151,0.001376957762142562,0.08389225571271385,0.02087955461135526,0.0005912449800176212,5.11056041322278e-05,6.140160829820149e-05,1.890451076789799e-07
R93,Sports activities and amusement and recreation activities,0.0003683705539350825,0.000301119641699932,0.0003085473644527752,0.0002256916591782927,0.0009202073244543006,0.0007646679850839094,0.0002914812621425823,0.000345062584517606,0.0002761433175172011,4.330099538752044e-05,0.000720233055530969,0.0002826882044420416,0.0003497585633687975,0.0003067631877367943,0.0002966522725056527,0.0002480022477950568,0.0002261095795099397,0.0003437967541611874,0.0003628369033064349,0.0004627744579990062,0.0002870864325441726,0.0005210836406779933,0.0001772413317728944,0.0001368503540857624,0.0001989242218019466,0.0007209327884416614,0.0002532898991402657,0.001086093133174314,0.000749650260738246,0.001275347387812809,0.0002767282363602638,7.564600414296372e-05,0.0001888241185624589,0.0003405569406165232,0.0002298774176410134,0.0006006266978876794,0.001222797197659443,0.006395226746265258,0.0008820563746593848,0.0008925825828857174,0.001050794718893652,0.001503740813900289,0.0004358227841622818,0.0003474375515894156,5.951580938760264e-05,0.0004776839667506973,0.0002307545241744518,0.002695266258887308,0.0002190623731096593,0.001028383268181987,0.0006164420826535736,0.0007155921660616342,0.006984012189564002,0.000680214682671162,0.001354049905196542,0.0007332675338584894,0.0002716424847241957,0.0007278988705112984,0.005279443972554792,0.01418597929329932,0.002047728772633973,0.0002315079462346784,0.0003397393527645267,3.187002446353896e-09
S94,Activities of membership organisations,7.213029426439687e-05,0.002404384579528566,6.484810517495616e-05,5.006068677632469e-05,8.652581553512445e-05,5.132863979123112e-05,4.354135063415205e-05,6.216752911363511e-05,5.220688911222889e-05,6.710066707538324e-06,0.0002259239719983798,0.0004663230802854832,0.0003451114954702757,4.014878802066521e-05,0.0001284358138952188,0.0003201941457851991,0.0005895912687137485,0.0001420902289630723,4.619034364618255e-05,3.775440431150111e-05,6.959839831862183e-05,5.979565439461661e-05,0.0002701359101263833,2.584125923142613e-05,0.0002206279578144779,0.0001024819708116686,7.395816678167948e-05,6.043615318779115e-05,7.456096980292195e-05,9.998551941573983e-05,6.121451602201601e-05,3.193741217387331e-05,0.0002572208981651936,0.0003236274493290651,5.847049709435715e-05,8.70464121166256e-05,0.0009640396543251482,0.003582831950336189,0.0001658447540607488,0.0002328665583014679,0.002149175660044054,0.0009196362852709348,0.000665231089081446,5.47481653219321e-05,5.33600679892579e-06,0.000147219194542609,6.028351705278717e-05,0.0001586707053916051,0.002242970602389007,0.002332236013370858,7.847966824239892e-05,0.001643133042493478,0.0001078415081250312,0.001315660978017508,0.001129571293245846,0.001996933845456142,5.83895155278125e-05,0.002362455290138143,0.002274068695865152,0.00270517242971426,0.02983989544417322,2.07168709324988e-05,2.406428694581072e-05,1.87266234996552e-10
S95,Repair of computers and personal and household goods,0.0001829208162784575,0.0002321929097436695,0.0002854925710424589,0.0001236857765785862,0.0002321904338322608,0.0002963040091391509,0.0002010451539320445,0.0002329962191563608,0.0002079849141554973,2.67390050636701e-05,0.0001954547492500542,0.0001556283158887683,0.0001254601730609833,0.0001808874353268077,0.0003154671499363988,0.0002118879142402703,0.0001838269178204499,0.0002708246031210478,0.000256003623373621,0.0001905683823922483,0.0002616948319637071,0.0001979806894534526,0.0001218328359852488,4.053044684066491e-05,5.070170547386356e-05,0.0006045607803889674,0.0001259773855554903,6.794466529855636e-05,9.279060436613083e-05,7.512313398987413e-05,6.169649983533969e-05,4.951830858877494e-05,9.446043021842466e-05,8.084714655279939e-05,6.82810508779968e-05,0.0002500521853736799,0.0001833414034755501,0.0001230208383208217,0.0001811237091164755,0.0002633159657096752,0.0007624455419819702,0.0002314389070657562,0.0004112059530210512,4.933816940211622e-05,6.556593723170831e-05,0.0001038755237061665,7.403494222008894e-05,0.0001558463250240621,0.000131704231332328,0.0001103465653834058,0.0001624792840974936,2.519989194896653e-05,0.0001058708421688339,0.0001889178957503642,0.006235745164685126,0.0004106640781091113,0.003053179462089728,0.00186263002302618,0.0003384566438709626,0.001086669826622188,0.000127844963333887,0.05560524951206694,4.617916106862075e-05,3.207683093869366e-11
S96,Other personal service activities,0.0002142503071130922,0.0002787230665160206,0.01234162016346129,0.0001458637948315923,0.0002841405668567542,0.0003464392679983546,0.0002338800854337626,0.0002846345672617776,0.0002352810912346396,3.484934097512778e-05,0.0002282215883466119,0.000280669779259761,0.0001684795346736296,0.0004832368097029463,0.0005684685789064943,0.0003792262426896118,0.0008466593342322511,0.0003047776364581201,0.0002825062299674501,0.0002145545814485752,0.0002759426470271407,0.0002282981763210547,0.0003349927984878665,5.120888704845329e-05,6.21966953300634e-05,0.0001768155333852423,0.0003156509514277947,6.243749293008077e-05,0.0001259958652041773,0.0001427936697763766,8.552104660487143e-05,4.558953073824156e-05,0.0001824908530787641,0.0001751688312158523,4.873257718511982e-05,0.001795898076735138,0.0009486759763705315,0.0116549458286239,0.0001088341529659656,0.0001267525318480092,0.001922954240635392,0.0004286660294442645,0.0005052734685239523,0.0001154712540979977,2.916030753508201e-05,9.295916499435794e-05,8.113344171766118e-05,0.0007591194903399824,0.0001384381747869586,0.0001057087378077946,0.0001920056388496553,0.0001265495803567154,0.0001375649448246945,0.000122147760485557,0.00243573284043266,8.345539094844534e-05,0.003024898258835224,0.00303013942127858,8.274255991495068e-05,0.0001422145517727377,9.312805079874758e-05,8.427216469464835e-05,0.04568867548150959,2.018486833807239e-07
T,Activities of households as employers; undifferentiated goods- and services-producing activities of households for own use,0.0,0.0,0.0,0.0,0.0,0.0,0.0,0.0,0.0,0.0,0.0,0.0,0.0,0.0,0.0,0.0,0.0,0.0,0.0,0.0,0.0,0.0,0.0,0.0,0.0,0.0,0.0,0.0,0.0,0.0,0.0,0.0,0.0,0.0,0.0,0.0,0.0,0.0,0.0,0.0,0.0,0.0,0.0,0.0,0.0,0.0,0.0,0.0,0.0,0.0,0.0,0.0,0.0,0.0,0.0,0.0,0.0,0.0,0.0,0.0,0.0,0.0,0.0,0.0
