,Support activities for mining,"Data processing, internet publishing, and other information services",Ambulatory health care services,Primary metals,Computer systems design and related services,Apparel and leather and allied products,Nonmetallic mineral products,Farms,"Federal Reserve banks, credit intermediation, and related activities",Nursing and residential care facilities,Pipeline transportation,"Performing arts, spectator sports, museums, and related activities",Food services and drinking places,"Forestry, fishing, and related activities",Plastics and rubber products,Motor vehicle and parts dealers,Water transportation,General merchandise stores,Textile mills and textile product mills,Food and beverage and tobacco products,Insurance carriers and related activities,Management of companies and enterprises,Fabricated metal products,Paper products,Motion picture and sound recording industries,"Securities, commodity contracts, and investments",Computer and electronic products,Petroleum and coal products,Air transportation,Truck transportation,Legal services,Construction,Other transportation and support activities,Administrative and support services,Hospitals,"Miscellaneous professional, scientific, and technical services","Motor vehicles, bodies and trailers, and parts",Transit and ground passenger transportation,"Electrical equipment, appliances, and components",Accommodation,Machinery,Furniture and related products,Wood products,Wholesale trade,Housing,"Other services, except government",Miscellaneous manufacturing,Utilities,Other retail,"Funds, trusts, and other financial vehicles","Amusements, gambling, and recreation industries",Oil and gas extraction,Printing and related support activities,"Publishing industries, except internet (includes software)",Rental and leasing services and lessors of intangible assets,Broadcasting and telecommunications,Chemical products,"Mining, except oil and gas",Other transportation equipment,Warehousing and storage,Other real estate,Food and beverage stores,Social assistance,Educational services,Waste management and remediation services,Rail transportation
Support activities for mining,0.008928667042242822,1.2241855778417724e-05,4.883049409335442e-07,7.867524732949381e-05,4.537959248201431e-06,2.1369056976240534e-05,9.889842636953412e-05,1.4155347722153086e-05,5.821794326482009e-07,3.070078228133698e-07,3.203280539028086e-05,1.5505536424582984e-06,7.911912983588652e-06,4.4541402565841865e-06,6.989000540028091e-05,5.623443152975448e-06,8.010033905993217e-05,8.848943035858293e-07,3.0836752078802366e-05,3.8702672973776474e-05,3.122472477002624e-08,9.351210671838287e-06,0.00023950328187700762,7.577848725947934e-05,5.418823371040896e-07,6.13863634137587e-07,2.3426041455876528e-05,5.186140635978025e-06,9.975292290934462e-07,6.533487580720815e-06,1.894670613954574e-07,0.00011683124894710756,6.355826184206743e-06,6.809513851120868e-06,2.3106892232907163e-06,3.625947173228804e-05,0.00014690594151950281,5.702284571135527e-06,0.00014083366390477104,9.937109025725612e-06,0.00016526935116399706,9.513560792701914e-05,5.344538117677021e-05,3.046539630511068e-06,9.957303647865932e-08,8.759234183414003e-06,7.591650721015437e-05,1.2814559945375524e-05,4.458062497287347e-06,2.6282431737694285e-07,8.270020586458393e-06,0.029056371056963775,3.8216245190610695e-05,6.2177189186251976e-06,5.887985576804247e-06,3.413929106894218e-05,3.4095074230384946e-05,0.01922930432122041,8.518588044604824e-05,8.51750198195836e-06,5.1043314785235515e-06,1.9364868027781812e-06,1.5143951584953103e-05,3.985509900234232e-06,4.713992658242655e-05,1.4612640251857794e-05
"Data processing, internet publishing, and other information services",0.0028675521660347907,0.038464336309582785,0.0035499035984290057,0.004506167867812866,0.007900897742047684,0.003659904946489261,0.005563568310515321,0.00022759209728989122,0.013675044921805957,0.0033816439849316,0.0019272642614120035,0.005015650142761546,0.005434670571010412,0.0006270372545850582,0.005022051138228439,0.015938326148135458,0.0012031579514410345,0.005530014381840547,0.004253841262581235,0.0020908254835734826,0.002119419140858256,0.015146037324794604,0.0064618557264937435,0.004409630353536431,0.004085538498100172,0.008338056600061707,0.0014404568086817699,0.0011121163878374226,0.0007438849315596572,0.0014570970547829562,0.01197851748643205,0.0021605919583420007,0.003828518107603564,0.02601366600476636,0.007099842580055345,0.014273153648922513,0.0010474165788634667,0.001652710239185828,0.002444753342057931,0.005110820779595927,0.003976404339503358,0.007244802119091128,0.006800245325312742,0.0048836237548089976,4.003610188021352e-05,0.012825835811622064,0.005557186462069894,0.0037102186648893375,0.00839280320293492,0.005896846233118204,0.0061195916919568934,0.0010575052551370983,0.004415440364231058,0.010323212979905924,0.013240239938343659,0.00983121067810104,0.001766289570547113,0.001500623533216229,0.0025309249047695123,0.0018154963437131129,0.004899979672729729,0.007114561227984556,0.007855995361454225,0.018594053315530684,0.008742712045368351,0.0016058820001819962
Ambulatory health care services,3.15354296138993e-10,-4.7697881886952736e-08,0.014153589626064278,5.151619569123575e-09,3.110401273457603e-08,2.5151902635334894e-08,2.909997285126693e-08,-1.5706922741360265e-08,-3.629770884377892e-08,0.00039142000911902906,-2.0159465675412764e-08,0.0007479843179220753,5.333711492965082e-09,-2.983935923103386e-09,4.344871102231237e-08,-3.2909720405916914e-08,-1.1944557369837402e-08,-3.8038786373910464e-08,1.8919339114787388e-08,2.0786641077719936e-08,-2.2045298247848725e-08,2.9355433570943607e-08,1.3381394123680627e-08,1.7234183507000257e-09,3.393701849025058e-08,2.8221586024540334e-08,-6.206614719278402e-09,1.330838666785414e-09,3.9970283238655617e-08,-1.1701751704947355e-08,2.5554782489929686e-08,-3.3830359159251946e-08,2.8629736407345103e-08,0.00012721872171938712,0.016532730203299352,3.8177308628753946e-05,2.0224629287520465e-08,-1.032020684916092e-08,2.2107488178596828e-08,2.3037489897574288e-08,3.071106184046569e-08,3.522781798581598e-08,2.101438908896094e-09,4.2011987222569406e-08,-2.9320576890813988e-08,0.00014248351398319693,-1.33041047000808e-09,-2.9980203378925804e-08,-8.007418007103756e-10,4.2176554499412324e-09,1.4437224416089626e-05,-2.2909792248043025e-08,-3.460641567350165e-09,2.446645660216896e-08,1.9237193862402295e-08,2.2948758371596007e-09,-2.338428217543653e-08,1.9355365313552867e-08,-4.403997475939829e-09,3.8107398950513447e-08,-1.0164668396544116e-08,3.7752889971129066e-08,3.279747961083363e-08,3.253325734553912e-08,3.876580751622451e-08,3.783338034064138e-08
Primary metals,0.0045607946749302245,0.0010874739926640222,6.0783935405934165e-05,0.3016048976301039,4.457404537512511e-05,9.264479457762729e-05,0.006479476318739166,0.00045247386878438233,3.9235189769327e-05,0.00010109828134556416,0.0002056649214756321,3.1776384521616495e-05,0.00015640914781773238,0.0002556687165669713,0.006386054370524792,6.988639598573304e-05,0.00016679195834326971,1.6516918305538445e-05,0.006643352203347285,0.005116164420866784,1.5627656300095062e-06,0.00010805025974063666,0.1935525354741821,0.004878059146622899,0.0001639439702174511,3.053249310774801e-05,0.007393592090440695,0.0002230939491429484,0.0001270695834494355,0.000187563126537078,9.856885049697303e-07,0.003223224747136084,0.003479474314134014,0.0004888092695460012,0.00013143958393477818,0.0007716632404926878,0.07055408021994647,0.00011451911442401102,0.11768906610881535,0.00012990037373951166,0.08241117842690558,0.05044595893909117,0.0042985306087497096,0.00035843329236386274,1.1809122755376905e-06,0.0016231467152688017,0.04555704889981595,0.0008208597374097383,6.466443296389717e-05,1.4983465698656745e-05,0.001558117745374804,0.016747166063766774,0.0005243179334555497,6.193449340339119e-05,0.0002314638181799421,0.00038744011402982553,0.0002707177595842609,0.006307865917146378,0.029637271320720863,4.324312398466265e-05,0.0024709191318382125,1.8370313383345406e-05,0.0010924742478336678,0.0012265598047041836,0.003054002646467536,0.009613355214700569
Computer systems design and related services,0.0003361003551844784,0.02534733315828085,0.006210968011651736,0.0013234902931497864,0.012712252601121963,0.0011470582303783332,0.001975818615087701,0.0008799475403795467,0.011443123134154742,0.005940886987746936,0.00015510753930432332,0.0015886003490598766,0.002340311630121458,0.0008851071761142551,0.001968877409913492,0.014010155745147315,0.00014513620390760917,0.004425185378881765,0.0018035476008024707,0.0011325711508487714,0.002870547450304364,0.03524588965532404,0.004593423065452017,0.0014335092648195135,0.0038407758404189205,0.014661906201269882,0.0011679947388169665,0.001656407396457907,0.0005175435445395684,0.0036182978021295133,0.013991967374813171,0.002652357864146381,0.0014274705543506213,0.013525934056754556,0.01266739119006458,0.010546145389211671,0.00070236751255567,0.0020030760018190773,0.0007765585228122015,0.0035004445758679576,0.006757335979648029,0.002405035871857952,0.0018116793512659968,0.008125204915678919,0.0001027453743003806,0.004495993042417538,0.002857555373191565,0.0027294259695628768,0.004912062588744977,0.003123726742279349,0.00736033728368412,0.021161250511143686,0.005417860660924101,0.02102977163187052,0.001743950037383186,0.009915265668521116,0.0017334901686405634,0.0032009495525472964,0.003970313829463639,0.002707853881572029,0.001604180696387866,0.003536373815002321,0.00598632823613621,0.006032250554678409,0.0028740734777609497,0.01615793560870575
Apparel and leather and allied products,-3.0954608041484394e-08,4.4511882264626936e-06,0.00011937728183024541,-1.2575868288723636e-08,-2.6859862329477505e-08,0.13452080338785946,9.010304759539602e-06,0.0001253716000417783,4.0499719658789925e-08,6.1529057992157795e-06,4.597372419289811e-08,0.001105842525122004,0.00020309371000108904,9.67475853654885e-07,1.1584040094633784e-05,0.0009799227581957382,2.0386598292872313e-06,0.0012010022512238324,0.01129325752350701,1.0915332466851673e-05,1.43837129564293e-08,2.509899585689341e-05,2.197260462892701e-08,1.0282562757288446e-05,0.0002354365792100855,3.5802491519781424e-08,2.0664164875641616e-08,0.00018942188616811572,2.0420831507397138e-08,5.1761622082680616e-08,1.923776885771445e-08,6.058860219952784e-07,1.8898760154415332e-07,0.00027540428236972063,0.00022673345635999156,1.91765648953572e-05,0.002595720222857036,-2.853834597184609e-09,3.492376305201274e-08,9.658419599527857e-05,1.585985204145176e-06,2.153085794821806e-05,3.0372636837509614e-06,0.00039894495617724484,-5.599612330742106e-09,0.002557252687955203,0.000412642735403512,2.552681497772977e-05,0.0005280100194352572,-3.510144093349735e-08,0.000312970749546527,-2.7835043300893216e-08,0.014201872854113671,1.3188797038185908e-08,0.00061061454319322,0.0026468573397094267,-9.187549256512631e-10,2.9241631134072004e-08,1.3695506939414332e-06,5.468795466366206e-09,8.02220884204175e-08,4.3613334280162155e-05,0.004595499111895134,0.00043043638053812464,0.001210969184193908,2.0301961790828985e-09
Nonmetallic mineral products,0.005218774252395577,0.002787410522944369,0.001997395707494744,0.008923857985440084,0.00015909037053630563,0.0011582321235159255,0.11165268471673097,8.889729386446919e-05,8.375363860598481e-05,0.000802207711293768,2.302506717482747e-05,9.42683471369754e-05,0.0021980356386999845,0.0002482500180127554,0.007490176986453613,0.0015832068985454034,6.122081588889624e-05,0.00016905621017866947,0.004822215535080668,0.005517736247568602,2.7062171532842497e-06,0.00013109792284138794,0.0037453292757838952,0.002535849032920205,2.6793626070495294e-05,7.827229230776446e-05,0.0004811046991672225,0.002607443840440306,2.616806021015625e-06,0.00011560630797804837,2.2881325397978853e-05,0.03799725625386234,0.00018371011185008265,0.001152928045206993,0.001991274611746314,0.002041968902068125,0.010134988566309244,2.447181291252928e-05,0.013383430639743515,0.0005944186458470816,0.006076957399352991,0.005406466503568155,0.0074430193687052126,0.00016586811426720283,4.560336526049362e-05,0.0012968178800590866,0.004929733168590008,0.0002559834982832333,0.0008834486969523398,2.78389128191499e-07,0.0008358053417752393,0.003207696789658027,0.0001957505776331408,2.187392982944745e-05,0.0009051364277372307,0.003868141338022349,0.0033398403891927225,0.003647921406962523,0.0012073722177107545,0.0015435179622906574,0.00012304728960260442,0.0004621476897255959,0.0013113761555561686,0.00021555375097592977,0.0017547381441295955,0.0002517582108445518
Farms,0.00018103485141101764,3.214837038046601e-06,2.560513281061596e-06,5.335514288077293e-07,4.892173980174953e-06,0.0006617445002866848,2.069537927039816e-06,0.1574685025240682,6.759516945269864e-06,1.3341678780150615e-06,6.3175046701969026e-09,1.2449025059243076e-05,0.002759833166656588,0.026431687210751745,0.0006050506276125113,0.004639356450367425,-2.7276556328722215e-08,3.369282847196939e-05,0.027947582066577364,0.2303557907801065,3.55437218913013e-07,7.977951083659916e-05,7.427829125940188e-07,0.002518356654065372,8.560586924146815e-07,2.758065446578199e-06,1.1574520321740014e-07,2.553340346363522e-06,4.206919252756072e-08,6.766546960300146e-09,8.479626550051096e-06,0.0013073667796138614,0.0004719131246780013,0.002699577245975786,1.5400522297964315e-07,0.0005929877197379858,6.549953480282907e-07,-6.323397815215195e-09,2.9973438854736384e-07,0.00038451855822744304,6.255079048136978e-07,5.421742728183124e-05,0.008936931090680802,2.3744964941917482e-05,6.665354456877804e-07,9.040719192248854e-05,0.0026338664503221198,5.486364245786463e-07,0.0006278244557025227,6.923093188336335e-07,0.00417935956176111,-1.5392809771811756e-08,4.583641973951659e-05,8.471578704146014e-07,1.0818945557578457e-06,1.161881559451403e-06,0.008816757952550157,0.0004723461806287967,3.070330223778469e-07,2.3381918292567806e-07,9.11658126702736e-06,0.0025226724615800074,2.3347217125087126e-06,0.00034865490935106786,2.1025908637521026e-06,2.9411415204304337e-06
"Federal Reserve banks, credit intermediation, and related activities",0.01970379961908194,0.008255041071358547,0.01144171269046152,0.0051323405045532,0.007335271129136046,0.004298068385000374,0.008204575416167167,0.005192768935226525,0.05184803456592735,0.01209553798034696,0.002530824887039788,0.004763696981153665,0.006135511596615042,0.0020492049090372155,0.00577714000526874,0.010096152698386318,0.02321759596417334,0.016114673174281877,0.004005571985274242,0.00441686314864914,0.008483390971147168,0.03018570533539093,0.005210893667432845,0.002371166111512172,0.013000020338703046,0.07751291243160524,0.0005497054697030846,0.0014128605240028974,0.018106540216296055,0.023237165273094305,0.01377426823578685,0.006784924230476968,0.008345350086076021,0.012687285575496764,0.0037081539743749905,0.015911378542562648,0.0016767338283127974,0.11273202465432353,0.003153574936025307,0.005690092824159231,0.0041921146820039275,0.0067514371463346925,0.002592166950009745,0.013408718666577205,0.04614949476872406,0.017584033664503233,0.005684261551437887,0.014751458402202391,0.01699157700393488,0.05201067093929747,0.010830629874601951,0.011242954023835678,0.004082012453070978,0.0072512798862961955,0.05124540274768341,0.009381034158218813,0.002750074512628868,0.009800357989725452,0.002229870879952391,0.008728339127771286,0.049352831492966036,0.01464137029209075,0.00788138048112355,0.008095950266897927,0.006265400597192529,0.06579750859074161
Nursing and residential care facilities,3.0682225193261688e-09,-4.116062726482787e-08,2.3734531201643943e-06,-3.7940985641867056e-08,4.90629806090387e-08,-1.1812287662249685e-08,1.833663866214181e-08,3.818181818357851e-08,-3.3987686958708213e-09,9.57038445159597e-08,-2.2544088400577198e-08,1.4656885785320952e-07,-4.2882991589995646e-08,-3.79532776665077e-08,-3.467701536156229e-08,3.7395110553636855e-08,-1.7805643971085174e-08,4.9758992344163634e-08,-4.579300978448731e-08,1.6929830408253667e-08,-3.0871485343481917e-08,-2.3424985584204277e-08,2.820398571516518e-08,-1.3779686541256852e-08,2.0071179343138992e-08,4.326454292375463e-08,-1.0221871342618715e-08,-3.5592237340814114e-08,-4.391352659998034e-09,-8.947268507170444e-10,2.967680237944088e-08,1.9317848832139445e-09,1.1749798011172344e-08,-1.5595362900447455e-08,2.780606032583197e-06,3.9083730703439344e-08,-9.796688348195334e-09,3.724404083987971e-08,-2.039206810047731e-08,-1.911253550959866e-08,-1.1466519756438487e-08,-4.502801259371291e-08,2.4360129710481412e-08,4.4506355796797136e-08,-3.728137019597988e-09,-6.963437800515237e-09,-2.5430480946960466e-08,8.8002070927932e-09,-8.162609292837355e-09,1.0085180818495034e-08,4.5788417473206116e-08,-1.407823179768146e-08,3.0480966888687694e-08,2.4598171769241065e-08,-1.13540756749611e-08,3.1315071268111955e-09,1.0851245079973866e-08,-1.001195703142846e-08,1.1846483349182125e-08,-1.1126789083548838e-09,-2.0121948553265943e-08,1.9094168284915865e-09,-9.571619952711291e-09,-2.0654899687426515e-08,2.9760078755578166e-08,-4.1549450150077954e-08
Pipeline transportation,0.0002119939593662839,2.00633767540208e-05,7.0695004728362365e-06,4.205097101709389e-05,1.9927622609498948e-05,9.739358408705563e-06,5.6395666835456676e-05,0.00033199113037376545,0.00013115785907375445,3.181514226005432e-05,1.1385278465669835e-05,1.2543647836647273e-05,5.168643103630269e-05,0.00017131997059760518,4.9547223775408555e-05,6.328912914999743e-05,0.0005930214238849392,9.50984482177008e-06,6.194242133716768e-05,2.569144031139896e-05,2.1712595852685128e-07,4.252403179692088e-05,2.293224275171115e-05,9.538746127411344e-05,9.106215317881482e-06,0.00010103536499894517,2.074055493380435e-06,0.022471207748236428,0.0008309923689984856,0.0006774074277489456,1.973467471966883e-06,0.00023467723220366274,0.0010631420767966695,7.227450478832322e-05,5.224103954633676e-05,1.2009206734477656e-05,5.4307053692412865e-06,0.00031680753579828297,2.984332614009934e-05,7.529474963262898e-05,4.68295101259582e-05,2.9183987398944568e-05,7.3956861795142e-05,4.0010002805492294e-05,8.294453476875872e-07,5.507920820457854e-05,2.514770864168157e-05,0.021032124490694668,2.16826658922772e-05,5.141708876173872e-05,0.00011463709373988195,0.02790942847124123,0.00021312062497326508,1.1872939666358495e-05,6.949790147584222e-05,1.0081829175541842e-05,0.0003955604123866324,0.0005565884133361378,6.445820830281436e-06,1.8036561568749454e-05,6.299355622260518e-05,4.1453239464726366e-05,3.151472360054732e-05,2.980677770343184e-05,0.00020547341933743632,0.0012268851201361491
"Performing arts, spectator sports, museums, and related activities",0.00015632264083911582,0.0008139238759524918,0.0008262402562269076,0.000253804307199055,0.0009181209539497784,0.00012023246709092492,0.0003060210196135596,0.00013755474867811456,0.0016530744322639018,0.0010601105650779026,4.5937868284818615e-08,0.12287790289198475,0.0017524455719994051,2.713925418011603e-05,0.00035327336332673353,0.002576543427644635,4.3153395849246105e-08,0.00025894186825263434,0.00019345111311361147,0.00017345759189101078,0.00025914226683254854,0.004953419199093587,0.000239894645897792,0.00022238550713139102,0.05186905188648009,0.0012755245375011375,1.2584351005854812e-05,0.00014949467872051565,0.000296085577136531,0.0004055284220581788,0.0020894178984234247,7.781521198731767e-05,0.0015440772164319494,0.002388922190007713,0.0010770156493376641,0.003253987922161273,6.431119236411234e-05,0.0002488962877801616,6.006166814512878e-05,0.0009473299205230618,0.00018352677261333368,0.0002453140252115942,0.0003055033652142929,0.0010952634644485187,6.797463175513113e-06,0.003705659278030817,0.00024185391484885484,0.00019168319658915096,0.0005425977174244879,0.0008991855212023477,0.005905156301415698,3.09131732161706e-06,0.000403762829426265,0.0006917134385126005,0.0008375075638335876,0.028981611174512294,6.797469289134603e-05,3.8980826535029785e-08,8.62910784789563e-05,0.0002344013887053953,0.00455441246135269,0.0024366356034580157,0.001353243207653932,0.0011065456362984278,0.0008191617559190522,0.002774442438129039
Food services and drinking places,0.003044267535003326,0.005639157861485711,0.019820760471478623,0.002566579840453034,0.006766544807313983,0.0006464197821818912,0.0017871343825490496,0.0011724948864190645,0.008512150276519427,0.03881692386367493,0.0005420499580517733,0.003540341505181708,0.003690928357390266,0.0007358492855654517,0.0015890578680550188,0.0037893282765095156,0.0005232584570023387,0.003383214702447936,0.0009114879685750043,0.0008533527740547198,0.0030885379765938662,0.005316312501129946,0.0013751837119701494,0.0012851415515203152,0.003127150282568182,0.0062156353747953785,0.0001355755256843322,0.0006986241245385074,0.057935923115031276,0.003998647590323234,0.009332943529237471,0.00026417170683878136,0.007205076014388655,0.015631394381749524,0.014690299167443641,0.009498193579435543,0.0003418924330786298,0.0018291971985711821,0.0005039809898998289,0.035499962209556056,0.0010329600531840263,0.0015910499291236435,0.0014993060309064804,0.0026170003486344065,0.0013445992514798954,0.004716815380131408,0.0015373345404562386,0.0030654473019974308,0.003545383130033273,0.0036951325756987147,0.010907978975092226,0.00010738044529538804,0.002325188763260928,0.0016908961082403966,0.0042663237821471975,0.0022191339667735283,0.0004681672549906,0.00042863585391389545,0.0004872985530115495,0.001384664031193302,0.018055827560134952,0.004282212557231688,0.009760914554096264,0.0041514755198063715,0.005291746621496492,6.291508699065879e-05
"Forestry, fishing, and related activities",1.7024663519342115e-08,9.066448402457031e-09,-2.0430795370408183e-08,-1.1657511277461432e-08,-3.008996087701834e-08,0.006555314496098331,9.32610538810769e-06,0.05321771201025645,2.6250936380331144e-09,3.6557290690619796e-09,1.2509278841662762e-08,-2.6505700189004357e-08,0.0035633906138231647,0.13749493970254612,0.005981038594155614,2.8829391196058803e-07,3.8302530642257986e-08,-8.185561977139485e-09,1.5901314258961511e-06,0.006893782046953044,1.2332267195388228e-08,2.2447004519242833e-05,-1.1084870179839984e-08,0.024914918626140547,1.3682906289083303e-08,2.3634281344164067e-08,-1.2634288297619364e-08,2.3264757467364056e-05,-4.427647043012608e-08,7.17264878796006e-09,7.667081711294851e-09,1.1918091891406169e-07,2.5081417600026332e-05,2.198583411179369e-06,-1.1104011825743788e-08,0.0001433058071963766,-7.811193277636193e-09,-1.9547831679598684e-08,1.4619991979939372e-08,0.001789432416951257,3.211816829428546e-08,0.0004315567247203737,0.08833436517446501,-4.261233248343977e-08,1.6444277086769023e-08,0.00020709148844093905,0.0009436313332126963,2.6773360256768644e-08,1.2536502782040853e-09,5.124371955375769e-09,0.001386931613019532,-2.48536509240286e-08,0.0004428896540859698,2.2207916220045014e-08,-1.7369152530663253e-08,-3.1727460941294815e-08,0.0005856432579844287,0.0005786081666258433,2.611201113854376e-09,3.719678229181558e-08,-2.260509797476495e-08,0.0033771542516167984,1.0892467731359512e-08,0.00025016400186185424,-2.165839643729114e-08,4.3578502692728634e-08
Plastics and rubber products,0.007113582174853869,0.0014972539266111151,0.0066220888708083785,0.003996359839830528,0.001032600573637266,0.0049787246954545936,0.010702761446610549,0.0035048929123042217,0.00030419546456249145,0.005597107850880678,0.0012119109487387645,0.0001544771061482704,0.005856043197784586,0.0018320051308594897,0.07332868675694992,0.005290516496291817,0.0001439413688281137,0.0015568345102221846,0.008925078358064623,0.01912312745114685,8.881428843208424e-05,0.00044193765779794583,0.0071347220782498316,0.018113705415337404,0.0005886209698845099,0.00024673183030887513,0.002559282144831556,0.0006854899363599666,3.3935877923276685e-05,0.0020990338341454,0.0002005116941946403,0.015609996891668613,0.00989330616597118,0.0020573724514760003,0.003799902506291351,0.0032701134558642733,0.039733101685641765,0.000435085934608642,0.012525344110367391,0.0008573546799399838,0.018160790155303502,0.05078872624802114,0.006675596478855049,0.006245853659298629,2.200645830686897e-05,0.005311305996482781,0.03439600348345058,0.00012184460002740833,0.005107750280373479,7.652855449150126e-06,0.0012197797045807302,0.0003610716399044292,0.0074610747281714015,0.0012554448894494346,0.003582775103516771,0.006434071034908833,0.016557782071923988,0.012067811692512696,0.010206053744742677,0.003756694670870804,0.00031717813031879475,0.00833935232700312,0.004863512958213435,0.0022875072052572364,0.0036870413922306397,0.0001750402728004744
Motor vehicle and parts dealers,0.0006619631802532175,1.4233215736153174e-05,6.4753630549143876e-09,0.00044693897699059717,1.6855116861679693e-05,1.0742323510772937e-05,0.0012533891228336286,1.5560090121967943e-05,2.0385076098900946e-05,-9.825976308934724e-09,1.4574436851753314e-06,1.4383775426779486e-05,4.629775709321598e-05,1.8271370884234726e-05,0.0005044039053975848,0.001832220111647409,-1.3799036995557266e-08,0.0001850855129081079,0.00037950512258569385,0.0007202800820022157,1.3027870159355353e-05,7.486442458114774e-09,0.0006196704020375287,0.001410612781339595,0.00014900182325612387,1.1500605840506635e-05,8.488116548773001e-05,1.6135682690073246e-06,3.473947441100783e-08,0.0016170807316623033,2.748204529939494e-07,0.0009835234723111627,2.660553442223373e-05,0.001103388368971634,-8.771038505748438e-10,0.00030668917129008706,0.002400864687042089,5.169931568623841e-05,5.023313615663215e-06,9.913968434032375e-05,0.00496016374869416,0.001064218946284284,0.0009814463604654329,9.483496802977773e-06,2.183566533856035e-05,0.004932747025863508,0.0010862105990939231,2.989922246616897e-05,0.001312346723423866,-5.963305356467402e-08,8.434739633793285e-05,0.000277846638254954,0.0006384446882176741,0.00016881408813426685,0.0005370774136707285,9.3258094575148e-05,0.0005144005127744488,0.001393788477630162,0.002004687860535413,0.0004963094526761633,0.0002519220815174812,0.001744210868392267,-3.2505422282310385e-08,-2.908506741723769e-09,0.00030700837922073657,9.884530813850171e-05
Water transportation,0.0004652494423644616,2.108580959405416e-05,0.00017267659581493317,0.002233256293096831,6.9495421418742875e-06,1.225632366016647e-05,0.0021719815001518955,0.0014010675295414196,8.173764405776312e-06,5.722369419949654e-05,6.270069693163062e-05,5.217320507042761e-05,4.907895394009339e-05,0.00046652065858430097,0.0007370220916724664,0.00012431400954064154,3.902416105727724e-05,5.1099926640632436e-06,0.000534351734621259,0.0011024796299668252,2.977471959795013e-07,6.777676828699011e-05,0.00035518043797826154,0.0008258486762641559,3.5324988827109076e-06,5.4038153146028885e-06,4.1428557339564864e-05,0.00012378252349736337,4.557735016193595e-05,4.705872839760059e-05,3.2631567194499696e-07,0.0006842311731895713,6.777395183368379e-05,0.00015616149484733806,9.36422406324348e-05,0.0006238142531114398,0.00011160933903338848,1.7423081360814386e-05,0.00043217951487795953,4.086186249835175e-05,0.00015826846497868618,0.0001960578733424344,6.20374052824092e-05,2.331608860299217e-05,3.8269144659495206e-06,9.120043188213598e-05,0.00028728336434759836,0.0007447041894489374,2.136154593917922e-05,2.58331664730826e-06,7.626692204037601e-05,0.0008531876391263996,1.7614890297725873e-05,2.8344075772513903e-06,5.2047685578207816e-05,4.808059497518703e-05,0.0009306875081721985,0.0019441586301426573,0.0001000909671186309,4.1596684849292635e-06,6.966617466227029e-05,3.514614546546133e-05,9.468143601005583e-05,3.960191338162108e-05,0.00023190105220568765,0.00016953541308136966
General merchandise stores,3.870580300671813e-05,0.0001363553382997821,4.078206804284729e-05,3.151064501733166e-05,1.398207385381291e-05,1.3243090596990776e-06,0.00010718871530739088,0.00033466392127267004,5.286663373697351e-05,2.259054917729063e-05,1.3619573656453031e-05,1.979611591514846e-05,0.000592158366953774,6.683873260537287e-06,9.379261747785148e-05,0.00026154327314098817,-1.4904767243994228e-08,3.446504464454936e-05,0.001398599903323384,0.0001343643050410135,3.0917249199849056e-06,1.007096042419483e-09,7.146678790242899e-05,0.00015988719236312017,3.982278816282585e-05,8.149616955659239e-05,1.1651826329441978e-05,1.9547502607607485e-05,5.910919199570891e-07,0.0018004405510679913,2.1135475133625078e-05,0.0012420966867991562,0.0004207771266793619,0.00031271890153685246,4.209421064518247e-05,7.184538586308766e-05,0.0002480221481606409,0.0007268043193326944,7.664322875863651e-05,0.0008219435206423537,0.0003699314772806686,0.0007744021623594674,9.073207660212747e-05,7.821655987542869e-05,0.0003297437221271556,0.0008243401118496331,0.0005026759312479744,0.0003121948609187094,0.00024393636130802125,-5.7208765107389915e-08,3.749064700924364e-05,3.273632176201006e-05,0.0035520916433836288,2.062995896385058e-05,6.45122963607673e-05,1.0252009084897485e-05,0.00030076202701807435,0.0001000026160750695,0.00011770242056855549,3.204178776954534e-05,0.00024820021797214046,0.0002652541247519505,7.164215555271706e-05,0.0003095107226717279,3.587628175115793e-05,0.00021564920028201002
Textile mills and textile product mills,6.136125413269741e-05,7.340102488133221e-05,0.00020323122182322638,4.175574954752193e-05,2.6117432573536155e-06,0.11111224541091093,0.003305613392856225,0.0008442826646328738,2.242860423541795e-06,0.010222814852258445,2.2452335894143525e-05,2.313227871526081e-05,0.0003200687848632638,0.0017396001831802867,0.0115258803430024,0.00040689920123110985,0.003433593797110705,0.012975285886149136,0.1572474553096873,0.00022694940785582206,1.4617587987776042e-06,2.9150279151308863e-05,0.00012328131326985132,0.017360838065653028,0.0010119864147359974,3.887656751342667e-06,2.3105298144769625e-05,0.00024984413707036687,1.9140602544154896e-07,4.2186840539787416e-05,3.697401757644285e-06,0.0011735254121796148,0.0003696768005290518,0.00024845940603029497,0.000693915525374948,0.00020418340538695182,0.006061054720519646,4.6243227251811466e-06,0.0001067675283103906,0.007805361140590239,0.002750492382548546,0.03609412939777025,0.0051055522786602895,0.0012659316170172091,8.38213572210038e-06,0.0012691748319542634,0.012956804727529359,1.5403362451712843e-05,0.002183112311536133,2.902916036218834e-08,0.002620418735665289,9.277053018892404e-05,0.004260343031242301,3.46342725132252e-05,0.0005290338406704776,5.577603194827153e-05,0.0011156176315282199,0.00014966531494989028,0.002301869693063771,4.388672317052791e-05,0.00020273359294145152,0.0007483709103795187,0.004799511312475583,0.00021261809558014574,0.0011718295630707858,1.7388121792057993e-05
Food and beverage and tobacco products,5.5377191905594994e-05,0.00019167592064288429,0.00012612456358650163,8.103247812005308e-05,1.3343834499681285e-06,0.0379146941952034,0.001817158940263011,0.0848527665284306,1.7788765594856773e-06,0.02368752703068189,8.57283758831951e-07,0.004286724118763013,0.06600572608331544,0.007496369300985306,0.0016461091761363626,3.764476801369548e-06,0.010991751253477938,0.0006883469607656386,0.000977483809449763,0.18145733962747768,7.011096077340822e-08,0.00018186835256867606,9.530177984655248e-05,0.007219134038089152,0.00011689501987812832,1.4230876195494206e-06,1.91751946546268e-05,0.0006733250339621965,0.0034180146736683624,0.00016744170335807033,2.0792642431308854e-06,2.941592957765501e-05,0.00028198345308654075,2.960710936525047e-05,0.007792492041796869,0.003005116626823525,6.638167081324096e-05,8.928556786032488e-06,8.197015989674041e-05,0.020814054888387085,5.15704396251596e-05,0.00012037643057170856,0.0004041958197827136,0.0007390955092399107,4.2330293753817075e-07,0.0032488264895103912,0.00020702461864270219,1.7862959877936635e-05,8.054288057824196e-06,-5.197430510571244e-09,0.02735690019951469,9.072928591961103e-05,0.0065146118262279,9.93372783223973e-05,5.397027635836667e-06,5.182415634024459e-06,0.006942134109258593,0.00012115654178534912,2.1834485403919314e-05,2.191869867373391e-05,5.465723348905825e-05,0.002299736481110149,0.04369292718580197,0.014778437645827354,3.452186666496549e-05,3.863695458374674e-05
Insurance carriers and related activities,0.020654777155880516,0.0023390209872969684,0.004959932293135601,0.0032838416434844385,0.0022476801112612547,0.0074895642840012685,0.008635844527359177,0.005944246024321622,0.012843031226205571,0.0052576644410921285,0.0032894623704958982,0.010409660617479772,0.0037073424704096468,0.01756357521168944,0.0023134216196413963,0.011407498984577245,0.006439015239301257,0.005155740304176535,0.006592949083520523,0.0034706873848787986,0.34272578067710424,0.0004398722348496591,0.0025023694256691986,0.0017908673937568882,0.010278971183334179,0.02716017407151911,0.0008555055866440491,0.0005852475609731309,0.0004810701900434876,0.020779106811845003,0.010944211060414868,0.00025001474152180057,0.006631743032175081,0.008418317297791586,0.07862381540035156,0.005102399774142268,0.001950534005314522,0.03171779159933127,0.005976131936409289,0.005911000431541917,0.003792260813871551,0.005321302748892725,0.0019366173385641718,0.01356988876823961,0.0060009754760925686,0.006004223825557643,0.0037435652296242813,0.0016092626021550998,0.006694840568423967,0.04494294075184679,0.01064187783221622,0.02645831975137656,0.0010102477649780745,0.0016294374982848306,0.010040498313043192,0.003382462998360672,0.0032450929941969784,0.019295082310478787,0.004550825874114315,0.012268287880348871,0.033178161882388035,0.005833839588880652,0.01993232486456015,0.007168509437382025,0.010211305746893223,0.00046907602969264815
Management of companies and enterprises,0.009116616231654523,0.00236117081730859,0.02412504615584633,0.006723066930131924,0.010229945207899466,0.035882111812739245,0.014913195871654291,-3.2001890163175864e-08,0.005858839885445099,0.016311109503845747,-2.3287121002855925e-08,0.013705150012915458,0.08034593431258015,-1.3454296715679618e-08,0.011456939048511972,0.007305889301302577,0.01852940134352156,0.08400699165906415,0.021267627426801997,0.028687041730511613,0.0018142541454745605,-3.4411674620926647e-08,0.026222569434734676,0.01642919239653344,0.003751411536341385,0.0215031994804207,0.03779882700187027,0.014267607718156803,0.0016134755365373955,0.023526612495994338,0.01909897711953284,0.0047661510006819525,0.015404885077864328,0.04889134010871477,0.010178389757118931,0.0211185110875763,0.01935351455487571,0.008273628349603435,0.01069960916913297,0.035316497496021414,0.046815023640054514,0.008102825549842712,0.008570721625270616,0.043430374398105986,1.73465272974558e-05,0.01327157319467913,0.02126842717920291,-5.692118809761207e-08,0.025051466219208632,0.002393032553046282,0.012546776281934492,0.0381097363061844,0.00988919493461027,0.015659553391219015,0.015563988944123816,0.0027000584705606898,0.03441072425784654,0.03626110131149344,0.009665442594608102,0.0038539889698577133,0.0017946788014058105,0.01463502489327237,0.010700512068984428,0.0040089629853378005,0.030364692168481294,9.954890816043064e-09
Fabricated metal products,0.012055549370787979,0.005280168582840665,0.00033122243348115515,0.03410655704928808,0.002057468643485861,0.009564966026372964,0.024046368600520784,0.0048064467241877955,0.0002361761165769969,0.0001884404124495493,0.014517502846545259,6.205433258696097e-05,0.003457669236177113,0.0022961560908382047,0.031812359440409894,0.002618969434044863,0.03553637292980079,0.00040650376158488463,0.013776861503400873,0.017211753827798174,1.3332775689029622e-05,0.0018570552240222066,0.109307310007853,0.03413208525604683,0.0003796814565200803,0.000296019555513444,0.01072067297706337,0.0010505002528454633,0.0001815508274193849,0.0028528106119692265,8.528337717539403e-05,0.04948324805780812,0.006030278574864636,0.002978099128484391,0.0010791163478288568,0.003130502251817809,0.06795389238193117,0.0025669732694228453,0.06461652527549132,0.004346374397603197,0.07596318343249044,0.04371577909608085,0.024453462974450318,0.001463197585251632,2.965862656524779e-05,0.0055488821428997396,0.034791168629321426,0.0018049395550615282,0.0020900993633814207,0.0001241291420749242,0.0031945004227045977,0.016526719953163554,0.017293319898338568,0.002813388162670836,0.0026842754512983,0.015289525280856609,0.0139684035995641,0.011577081917300348,0.03922845921047393,0.003935492187679374,0.002339662410776964,0.0009614481281352694,0.006806437685414629,0.002728779805719997,0.02132357807955305,0.00610962921499903
Paper products,0.0007483576026111997,0.0010225993476587329,0.001146877149823736,0.008393050759409127,0.0006459958634526345,0.002512597714183269,0.011257248468502436,0.0010938774234904847,0.001760675771912829,0.006369060005289165,0.0004307383699330847,0.00035590931721892887,0.003298868293906089,0.00010787168062953404,0.01911919384409741,0.0006925246895206256,0.0001367793763202508,0.0012688776078004789,0.009013134766524735,0.030471523647571375,6.913137008965692e-05,0.0014645894104304072,0.0065053493461942405,0.20510151399483054,0.0009650251894211877,0.0010234576789906742,0.001185913100018628,0.000480357414438133,4.758313698673671e-06,0.000411711003171288,0.0010916799720320084,0.0017818824450591567,0.011980370283049428,0.0031985471541815785,0.0032128289481829784,0.0019106228326412364,0.004532395883398752,0.0130250102134282,0.007328688691095908,0.008522087708140964,0.0052367069278651795,0.01489174539865554,0.0053600591491635655,0.003360809846023116,1.5444037887569215e-06,0.002092987763615605,0.013287382726933238,0.0003962009282664504,0.0020254578718771144,3.089339886551158e-05,0.0012240056315128305,0.0002349330249130331,0.08386246383919423,0.0045275596937563185,0.0016968980185057675,0.0011653648888947784,0.009690469526320295,0.0019085782820100032,0.0021606155994034946,0.003317258952015717,0.0012415164942978796,0.00500084765979219,0.004804188206659846,0.0011558183748621234,0.002536673529090544,0.0007467375482638794
Motion picture and sound recording industries,5.996421804596019e-06,3.213637110057531e-05,4.50646738625345e-05,2.342642524701781e-06,4.152370285692332e-05,2.235529471873103e-06,2.3679026899995405e-06,4.7644535123103954e-07,3.0917964964371337e-05,0.005557211519787579,0.0011760760594618548,0.0009252381579232996,0.0020145393600880575,1.341757331103392e-06,2.732049409835453e-06,0.0013972431206287395,2.352303935974488e-06,3.970364355167922e-06,2.596559536534281e-06,1.6765364790942068e-06,2.4436990026121045e-06,0.00030377042182838274,2.9958443855423126e-06,2.016528969975642e-06,0.13309038846427246,4.850234829804125e-05,7.132330131462355e-07,8.388582302643844e-07,1.488838553962204e-05,1.2808392604392627e-05,3.163497227449547e-05,3.296501150472308e-06,6.306517544646848e-05,6.473260323430756e-05,2.1094572214813637e-05,0.0013916205139935785,6.462477817264614e-07,1.76221714263546e-06,1.3393439281160282e-06,0.007092013651531831,1.534225292113379e-06,3.5133711033870377e-06,2.884005061247151e-06,2.1112226983498492e-05,6.765675787013762e-08,0.0009211771364486623,3.2065561498655787e-06,2.2165657038042102e-06,8.65996669311051e-06,1.5538611821713146e-06,0.0003214102239784772,1.8761528017690537e-06,2.4397283207313104e-06,0.00011884732814720939,0.0012313855154748078,0.055956509917329235,1.5581247849290527e-06,3.0600463642373738e-06,8.881221704451564e-07,1.3429283240040873e-06,8.664822924543417e-05,0.001122939859384083,0.004846764118108443,0.009240691504184174,3.005957672247618e-06,3.2568736510077113e-06
"Securities, commodity contracts, and investments",0.05296971005354915,0.0005115639604760491,0.0019211040204740624,0.0043473637726420865,0.0011187247970099682,0.00036577945319650154,0.0008495033633958907,0.0007037471569825182,0.0413087918392753,0.0025269736662278373,0.001194640833172758,0.0020102157903871807,0.008862813853924456,0.0007215467093170597,0.0006317172263407906,0.0010716852376637556,0.13388386367551072,0.0009978218362574594,0.0004464040488902082,0.0003883111639445173,0.0067686913622961465,0.015343502359622153,0.0036992432975462616,0.00026289721492738183,0.0020177196033113872,0.09115799654554436,0.0001917598131414644,0.00021186775220409098,0.019486574873732496,0.0036642305147640336,0.003248376805742185,0.001219178522664133,0.007432446398382871,0.002617774566211836,0.01094869143551508,0.0023224768266754464,0.001310108766412423,0.01755010169850314,0.0018032994315122161,0.0009691758447037992,0.0032055898855297693,0.00483230965361946,0.0004618064787613375,0.001591243209035469,0.0016557677420176596,0.018728918912398945,0.00408462616991239,0.0014596251686054141,0.0013974426925622435,0.6077401635068094,0.001073468523466285,0.001153325728456317,0.000619988862341184,0.001326659271183608,0.003676167440818833,0.0008237503835746755,0.00014779696110906644,0.008622981961045351,0.0015677429263403274,0.0006274725628337589,0.006032187787260703,0.0014444925399041473,0.00910876682359667,0.0010988766097726195,0.0006922459261872202,0.01104407262694945
Computer and electronic products,0.002768177176228531,0.01389517265870428,0.0073814842562900124,0.008832479381314236,0.010348966213097726,0.0046925417791396145,0.009964818526397393,0.0005379875432370384,0.0008058593249663735,0.0009231009695165644,0.00010851358874583786,0.00018194015976078773,0.00014408169912538162,7.576797992752986e-05,0.01113230335693153,0.0045167071845755155,0.0007169500869402405,0.001728130601627478,0.013757682220034888,0.002741709233679951,6.336030415414942e-05,0.013964687499523494,0.015391104871492232,0.006008391743460566,0.006839289226993059,0.0018286573529554427,0.07150146805658575,0.0008776560480959263,5.0904233185215914e-05,0.000512494232511962,0.0032116589833329754,0.003650396291682971,0.0004770545951157093,0.0040948312094042745,0.0009872945531446732,0.0049985009970475785,0.03408704426717385,0.0001122818892064829,0.04082165329508835,0.0012417652389984089,0.02670834329121249,0.016565923145120637,0.008450101906974046,0.005448617381202213,0.00012399757446915376,0.009631498172992943,0.018706183876188297,0.0001956694648999552,0.0015762914694216787,0.003564303869358725,0.0012076233420592346,0.00014182466668571597,0.019844807449094344,0.00964212346968583,0.0008949722220478258,0.023195122005061058,0.007995039771804697,0.0004004814908672087,0.06065505563787524,0.0023323789163499182,0.0006123990769025751,0.0019989990694706788,0.0020874351570530675,0.003577160965852361,0.005958723363180088,0.0014673338294218302
Petroleum and coal products,0.02012133023191137,0.0015360998560787758,0.0016832919289938438,0.007716269618291079,0.0014309276186457364,0.0008630088439728727,0.005907708358455922,0.021488384098727654,0.00931977032500952,0.003404071852042964,0.00026606150035185657,0.0009342907670871756,0.003930808578847768,0.012345671024027291,0.011311406634182298,0.005153467241073714,0.04199851887415795,0.0007498001928322947,0.007118396784807416,0.003668044295012696,2.112540024175277e-05,0.00312455105966861,0.002712441256050515,0.00876694955744719,0.0007038958436839001,0.007166966816764253,0.0003705968809742971,0.032162442913974736,0.0588523832691982,0.048107299884761937,0.00014748474949048915,0.028448271243445705,0.0753915131621758,0.005639783925228559,0.0045903415844257296,0.0013265278859231882,0.0011749201150073544,0.022462534759141343,0.005914532092863236,0.005854496746541791,0.0041713996591167795,0.004433873067665909,0.009033179576782931,0.002924548822108987,4.7031813882560994e-05,0.004589277553079628,0.00496353649133415,0.03798926086848875,0.001803409296652025,0.003636790905975929,0.008486576396694218,0.014848266526311988,0.017107176416303473,0.0008847906158820029,0.005194859951329536,0.0011046126685029859,0.02102137545218274,0.041343264941994674,0.0007692697296110071,0.0014135316486923676,0.005861079934346807,0.003188183224006828,0.0028735037533231768,0.0023564686690172396,0.016066563052763532,0.0874514423315114
Air transportation,0.0030615537659104772,0.005365083484896404,0.0036012780965605563,0.001257916130366034,0.005162480601841565,0.000981518567030133,0.0025719109232691753,0.0014361173274710837,0.005158060536158694,0.002232803644228079,7.698888578312833e-05,0.0011946073217128455,0.0014058830007876975,0.00271836718629756,0.002266061080154944,0.0008392571507423568,0.005939180816823054,0.00038505551317403726,0.0009660010311441543,0.001260294244564626,0.0003527166926293763,0.0007677882990963805,0.0019032881642772504,0.001702352443661786,0.002601114777005721,0.007107635382635422,0.0001873237621490869,0.0005088873676409884,0.0010135892430256368,0.004654702587278469,0.0044723994191978615,0.0002695638847109016,0.0040054364774448036,0.008389942246563215,0.0005384494117689822,0.003812927289798049,0.0005397220541593341,0.0003502256271186011,0.00048574506535920773,0.0014806842463340845,0.0013141415762707373,0.002399068088759412,0.003514259793655027,0.003502861237923105,0.00020581263754102582,0.001604354756787558,0.001742455893768342,0.0014700972266778274,0.00041700119096566333,0.0020237874354040613,0.002280622505625102,6.205057044779991e-05,0.0032497779644068683,0.002276804386334586,0.003037901783967989,0.002419791143704785,0.0006902735362017651,0.0004094335024843386,0.0007464859992424113,0.0004893812012732052,0.0066536771099720395,0.00032730439590484097,0.002788835870180452,0.0028300152741154386,0.005896480010407415,0.00031859458374908846
Truck transportation,0.0050655073765223145,0.0027509730419431155,0.0016142704932923775,0.02751160049473716,0.0005811851875882521,0.014773902710297175,0.02897837603774856,0.021634156583455102,0.0004287864753283684,0.002607010049920627,0.0006584916098933712,0.0013758621248286425,0.0030128337511922763,0.011658749354953956,0.012865088922550446,0.007583861087375449,0.004560962317254802,0.004901606799736502,0.01717221363776994,0.03351102617961852,0.00011604688769067476,0.0007766409147916193,0.012160225354755356,0.01931281962919694,0.0020715096977077453,0.0004199318909734189,0.0028338434108583018,0.01291770220042186,0.004728823153047563,0.014439703836946703,0.0005014054823877438,0.014032684178819092,0.011883030424680951,0.0019803999703867908,0.00205487632357689,0.002109130104168984,0.012170399110161684,0.00196288901259188,0.011185000589256514,0.0025413353123533078,0.011278180546154749,0.01864548946080045,0.020049161183575387,0.002741165217806493,9.399687544013128e-05,0.002578130546032259,0.010660547139148834,0.0070325324763906745,0.004405749023372333,0.00016978427386074593,0.0066104489938621745,0.0034990338115013864,0.009399446369651726,0.001950741272208504,0.001089630916155004,0.0021295343878093087,0.009808444273828092,0.010083408629156194,0.006183541279263685,0.0020511209132367684,0.0012491842054050144,0.005363969598909978,0.0037753874728964367,0.001709696263496317,0.0057247392464988365,0.005688585448125815
Legal services,0.036900857803806704,0.006624028000226751,0.0055432627052455045,0.003532223210362512,0.008099008596032109,0.0025578049064867627,0.002962093904115905,0.0008282014441170769,0.005364309200447765,0.0053764437614255145,0.0023466391581251104,0.005774202294524761,0.00264855746956819,0.00144602521162502,0.004847500641922691,0.002460107115619337,0.002594551101434306,0.003433463206316186,0.003393625038380801,0.001051101582943538,0.016516657562527275,0.015140409635626541,0.008088483663424302,0.004549506563159689,0.004282613568514588,0.01287810535000158,0.0027070216765990303,0.0020227659506104347,0.0009592877203485713,0.0012389966559582196,0.006911092798511209,0.0031685436750445327,0.002876484623134184,0.008171186081766195,0.01745765916493314,0.014533838458402372,0.0010499588168155901,0.00204285407314371,0.0007247819133071822,0.0025691178162503122,0.00265331054093611,0.003989982899149982,0.006218540565853907,0.0066688604830754,0.0007078105397932571,0.004673619807861872,0.0062700191391147145,0.006568272928441532,0.003182488742504957,0.006755735315958803,0.02469443618031916,0.004124559698326514,0.004818138063383286,0.006026586404556253,0.0016225070867363848,0.005864592255540119,0.001885611798844616,0.005717350802309557,0.0011112163230868675,0.0017405729257578065,0.014015884644902865,0.0014541111791912444,0.003942778715533386,0.0013104117981439524,0.004195824568395871,0.0062085426356895896
Construction,0.009614210699591915,0.0003365046546125417,0.00016905125198177069,0.0019833078152993442,2.87267010516948e-05,0.0003990930919358233,0.002259119916358213,0.004570189678035976,0.002900528853048973,0.0006197757354112402,0.003751564909419113,0.0005297038548920496,0.0017758404030001247,0.0007455633349064103,0.0016832046993001436,0.0028665291248251693,0.0001357316492054699,0.0020967357658462013,0.0011724545038668329,0.0010624458878516943,0.00016531539354501534,0.0008323343159743402,0.0013694272018726925,0.0031543334892559245,0.00014722762557710934,0.0013767167632911849,0.00018482511402549085,0.014082808416624975,0.0006906693912480318,0.0005205442944224417,0.00016235224638638714,0.00011880429183741548,0.005888998788160352,0.0004145167607398108,0.0005133230467373823,0.00031443210409015155,0.0005840506455156287,0.0033097066381609953,0.0007205706856569644,0.004784975914391022,0.0008655801091811749,0.0008905553229721793,0.001137826160746733,0.0009818246581336264,0.03368930278337167,0.003676606709534197,0.000753893195598088,0.014669166162283625,0.0026271983825068325,0.0013099768196002542,0.001705932684759088,0.003430323208372216,0.0017663124739804663,0.00010687680318757816,0.0004493913280491152,0.0024866861257263556,0.0018272238834438391,0.015612223920246509,0.00033608941217453373,0.004037099154177987,0.057241164757149625,0.002199629985264628,0.0006390965999855085,0.0002868239870899056,0.00023901829560402216,0.02841781628708738
Other transportation and support activities,9.072099421440275e-05,0.00904289505385978,0.0017389428495676142,0.0007817463743348611,0.0009001966739112606,6.466215023099777e-05,0.007844302401619796,0.00011676989675571909,0.0007609193594684692,0.0016926422013355145,0.006849400787915026,0.003585118384979657,0.0004564548452159796,0.004303348869259847,0.0020561307825893594,0.008833560195586862,0.08132302564779569,0.0022804046567100325,0.001350242479967304,0.0008417527521868233,0.00020763452190510106,0.0007426801658773511,0.0003815695574615533,0.002633673729573271,0.005589083120966475,0.004379282300888021,1.3040911135938333e-05,0.002323497080490204,0.07148330319515774,0.11409124851691085,0.002521936640350763,7.275778895093839e-05,0.11502045708955246,0.0030344214766963484,0.002974784274103768,0.006373144395450257,6.607745431426824e-05,0.006573542628659128,8.569844628063048e-05,0.0005573820068461531,9.502495316803136e-05,0.0036877104549813506,0.007247648665977475,0.022059155048393862,1.281389702112301e-06,0.0024719771413786997,0.001150394089268135,0.013624054549433284,0.010547019277253105,2.558111192030218e-06,0.003963434256617011,0.00011210891614787049,0.003649303655006057,0.006068504242734323,0.004759948520056332,0.0004352917437834753,0.0002656660907051852,0.012938960780688308,2.8874822064603637e-05,0.007901121885123626,1.3790721328986423e-05,0.003659130010181244,0.004258259513464357,0.0013533492906216056,0.01250458991824496,0.022298645878242318
Administrative and support services,0.012296747445147969,0.07253505254988885,0.02527687693262301,0.012603970876661985,0.04693780350898168,0.02021052438162524,0.010879248448594735,0.0017080378941803755,0.02980338007308512,0.03689537971403755,0.014715938629200996,0.02692196677865835,0.017952512106537224,0.0013038547983925733,0.008905391558549072,0.026525045863898825,0.12227370102357885,0.017658887917078862,0.0072821645786152545,0.004700579914694192,0.006855592093865732,0.015259508947435102,0.020583961790236596,0.009670365847352707,0.016262453951224054,0.026258067976728448,0.002072994231689332,0.005180113300617648,0.029786625444470857,0.03995428777525359,0.027991452981922342,0.005645168149406374,0.033811879872688695,0.07399129140530103,0.0562963623168796,0.041307531182840085,0.0036396025088625845,0.05179193212099452,0.003728238257266985,0.026140901209442062,0.005602670507236914,0.0051083414943404355,0.006680875554809662,0.037308477051023504,0.002127945601505244,0.016843458796511876,0.007957857107386527,0.02634405371502437,0.029431540072863843,0.0017618997676560394,0.021303717707923973,0.0034922006854308475,0.032615232756384074,0.03145345685881033,0.03214225142691548,0.03074592465665405,0.005573765780100165,0.007740688519038367,0.011578073943775715,0.033986019633384365,0.09672453056352123,0.018680520372715517,0.016852833057168462,0.012617372347565518,0.033554533459542894,0.017990870956952343
Hospitals,8.054850894053637e-09,1.1669925580315115e-08,3.1265573066325045e-05,1.2460103563369945e-08,-5.183027481986212e-08,2.435840487720081e-08,1.8272320145061085e-08,2.5769992876263238e-09,1.844779955298142e-08,9.107759883390736e-07,-3.557496684411107e-08,1.6436101057756452e-06,2.103117597939089e-08,-5.379306488378517e-10,2.2048573532031247e-09,2.286270024347924e-08,-3.472287803137561e-08,3.623261185897497e-08,1.0170924247807648e-08,4.703177690123839e-10,-3.0024040448297565e-08,2.3809630065883335e-08,7.999336296978977e-09,8.50567571686549e-09,1.6455950595038332e-08,3.550795237166263e-08,-3.3901348998712387e-08,7.750584765980964e-09,-8.500437373311129e-09,-9.917897136792969e-09,-4.832091658272156e-08,2.9256725923395436e-08,-1.3779855616980764e-08,3.0084731599945144e-07,0.004139075711528385,1.2148219389255246e-07,-3.010275191360811e-08,2.982083430329628e-08,-2.92777872889798e-08,2.357084338397713e-08,-2.8391351930072486e-08,-8.743052012413277e-09,-1.6479336440664374e-08,1.688613953151536e-08,-1.3704507296052469e-08,3.519325803018856e-07,2.277840805000745e-09,4.012097608237834e-09,6.023022758822142e-09,-2.160002894678825e-08,3.522360384372008e-09,3.01508665205024e-08,8.50356452146471e-09,-5.0215390755534816e-08,3.577037435788004e-08,1.9779038021784172e-08,1.9231179566571265e-08,3.285243943927819e-08,2.0242034574618666e-08,2.2698447208667843e-08,-3.837396453083888e-08,1.0575408673999156e-08,4.0558712198703315e-08,-3.741633407843324e-08,-9.409306059326517e-09,1.638026237909515e-08
"Miscellaneous professional, scientific, and technical services",0.04968291869700756,0.07076979471280058,0.027825988540491512,0.01961770910941615,0.04116459545457584,0.018359587370469128,0.019873830154263868,0.0038602454764693882,0.06078815093541639,0.03194121201772846,0.02798442106855328,0.025412101127812826,0.03096804835996788,0.011208072749551738,0.02271397877737561,0.07904812427779716,0.020147753950881458,0.03303654384949558,0.02165492646357544,0.014163304172345771,0.02028050881741994,0.07744377713294524,0.02488758755186449,0.017027948597724395,0.054468768503508964,0.05831602098216944,0.005970586079812339,0.006844681289779622,0.0030870246540818107,0.015076310012910397,0.0233311683576333,0.02739308323463597,0.010950303312050576,0.0434815409176318,0.04275675595828567,0.08064286117735386,0.005245516429615928,0.014696180173959362,0.011021542154388431,0.03652816003710587,0.012583627791879654,0.02945595522728737,0.024079340283296072,0.04929601943656296,0.0003871546726053411,0.025773207899888174,0.026527457177283626,0.01823328469507192,0.0543966958798376,0.012867537958380386,0.03410242730552872,0.015681496887861208,0.02018993581796266,0.035009274597784155,0.01775204147052865,0.06294593745860465,0.013098850896854456,0.02546769744565137,0.007542422074708223,0.01153112568738097,0.07735989692909898,0.03293562003009129,0.02543876870961236,0.011460167877770431,0.02452546155410119,0.027423055203870454
"Motor vehicles, bodies and trailers, and parts",0.00353987406721889,0.0005044075907206797,0.000394140233060048,0.010684911723654005,8.386312506181414e-05,0.00027201956125400684,0.004704518595028378,0.0024432260612784625,7.767804477584369e-05,0.0005544808406505034,0.00023036149478927715,0.002850065194264741,0.00074777377669548,0.002218931145115072,0.0024990212255236338,0.008270510241232373,3.3240331764427364e-06,0.0008023621036301946,0.0016933740024310336,0.00283548239188475,2.8796724142105066e-06,0.0014255162894543675,0.003669848327733888,0.0073626100966139325,0.0006666883146493898,4.099915039002711e-05,0.0008378264465930678,0.0003601411487986669,-0.00012997673909885348,0.009662371096755822,1.396942449443144e-06,0.0016011109201634491,0.0033454744211608325,0.007368197418323412,0.0011696762699004704,0.0018027747611099876,0.3196582983062521,0.004567103744993742,0.0027574468353972897,0.0006529038232834988,0.037342881549796224,0.004765041345479215,0.006821301970722211,0.00335164664043645,1.1723948773163362e-06,0.02085630852503984,0.0039410562654114,0.0009070051275014842,0.004949712928151813,7.691643917171473e-07,0.0009588202447981618,0.0023639159431581786,0.0025291765673327448,0.0006920028486574483,0.0021256419400338877,0.0016802128055438876,0.001810161297404881,0.008864756145300782,0.014077037815866352,0.02413763042532564,7.234235500207723e-06,0.006275710572582277,0.007227648637886384,0.0018916649291541414,0.013642411217408662,0.000735007791266227
Transit and ground passenger transportation,0.0006744456696304599,0.0018247312524656144,0.0014738414834916966,0.00029930841230576,0.0015756667045863607,0.00016382495595091787,0.0005668541047965362,8.93983107218591e-08,0.0017684030369034191,0.0024223931441455016,1.3462750721941894e-05,0.008426777070726723,0.0004300151834900127,4.464996277989301e-05,0.00046154020297269093,0.0002442860708884658,8.500285770624752e-06,5.964971347682784e-05,0.00015677781099229462,0.0002212225111831005,0.0004758146728710051,0.00020241791637828173,0.00044571170700327374,0.000275345039390524,0.0005557969609227981,0.0018194097759041664,3.5077083771410825e-05,0.00011903543728228294,1.3127147585341695e-05,1.2149560588957175e-05,0.001758659492611585,0.00024337473425863307,0.00035956891143596934,0.0028090886625218017,0.0014582625228099296,0.002045028891431157,0.00010537443187022648,7.895426835657916e-07,9.596298573559432e-05,0.0004388406618481015,0.0003063599944997297,0.0005492784843368441,0.0004149473686750293,0.00031702060376220066,0.0001993963994644096,0.0004056616801041954,0.0005019341177027053,0.001035248287236692,8.489835726684805e-05,0.00047631054780494667,0.00042065841829861756,6.743770809864284e-06,0.0007452117826368903,0.0005515293375086406,0.0010577935385397918,0.001107026395674749,0.00014368519342981947,6.548780234028247e-05,0.00014898174722029003,4.158270715000923e-05,0.0018807693682613012,2.2272442666952654e-05,0.0005833161604466554,0.0010188694263592553,0.0013346628590726985,0.004112648793454471
"Electrical equipment, appliances, and components",0.004095857347594421,0.0014500155262554394,6.808455905124674e-05,0.01011151904974483,0.002377713236274797,0.0004083617443161142,0.001325819754871112,0.005926441337438114,0.00017568099449084205,0.004300410433180213,4.635834151771167e-05,0.0004107650690413781,0.0008275826085597689,0.0035344413619937064,0.006000355388617947,0.0010883644403480806,0.000608604375551721,0.0009308385917318141,0.0014790360751865028,0.0010458176710789876,3.173005811485223e-06,0.0002474514825522773,0.008396748799650241,0.0028123019003161672,2.529312059035469e-05,0.00013058643861071752,0.004842701897755981,0.00025953435228378603,3.0005464948421526e-06,0.00015595669185474662,1.2000896429651511e-05,0.024123578277551475,0.00013393659047425152,0.002435325195010643,0.0007488295109924296,0.0028108642968609,0.01129660742945475,0.0021502289694611304,0.06905472936297541,0.0023743518668238525,0.04012221227237391,0.0017410965914633687,0.014027679963916944,0.0002109060225134275,1.2876500330487253e-05,0.00366395098112274,0.008233753759949135,5.160978944282824e-05,0.0004581048431561243,1.1643967342126914e-05,0.0019227532874297848,0.0005941804798931952,0.0015499339294497408,4.3944189623133e-05,0.0006510031524452554,0.008596470416221691,0.001434635194031122,0.0008061744751054402,0.008220296456227806,0.0034602689205066816,0.0014050084310875146,0.00026810800686589433,0.001972566598644197,0.0017368206289505106,0.008683353573816792,0.002086063629428648
Accommodation,0.0019200611231430624,0.006271672532084687,0.0037155658303741775,0.0008185869414207268,0.005469117900224981,0.0004698744353622827,0.0015601680715413252,5.366357403130504e-06,0.005667493299302834,0.0016641512359852893,8.084086806918048e-05,0.0009059237625869039,0.0018098707753898653,-1.687599118869021e-08,0.001513717580832127,0.00012354587047368553,-4.5838676496667834e-08,0.0001799265992061913,0.0005380864879614318,0.0006195593950630915,0.0007788514642232113,0.001342981775274816,0.0012412527447879114,0.0007593754313292631,0.0020693970986270533,0.006129140490083885,0.00010053459906355364,0.00033051511854899124,8.280300568962399e-08,-3.0308274172977e-08,0.005398049761083663,0.000227902251531533,0.0032421466664148816,0.008292654784448898,0.00031090721462379445,0.003899133090122277,0.0002879138581233088,1.2046231819305583e-08,0.0003044834411432672,0.0012842482026763635,0.0008525099071926403,0.001510336116172454,0.0011440814710072776,0.0010823141038554542,0.0002597240145706494,0.0013192835179787026,0.001402109713903148,0.0015611732650249418,0.000259844893345761,0.001612265233753757,0.0011496927047946535,1.8667015051211473e-05,0.0029077196182059183,0.0018791864874442427,0.002844654758933224,0.0023560712821523947,0.00040154135373249067,0.0002000784065674653,0.00041891154625456643,0.0005753084960072683,0.006184079930526548,0.0003390161026114392,0.001998743310162799,0.0021876343951147247,0.005912175986852063,0.0002242351002176458
Machinery,0.05492092053142498,0.0019989555930532425,0.000720578313991241,0.0075912406713787,0.0022143633454533326,0.000904536470885949,0.0016570778950576568,0.008659886882190647,2.741754727057488e-05,0.0010199912234141102,0.0009719008627389555,0.00017355904889778022,0.0006889068969265447,0.00555024908026993,0.007135625535200883,0.0016787287044191695,0.0007385533478226758,0.0007575407216808644,0.0010190259379247151,0.004459079860976458,0.0006793116602414085,0.0009286172457918623,0.011767405140744444,0.0064415634065290205,0.0002926866338800234,9.020452743851454e-05,0.0010963749233412411,0.0003822762214877033,-1.6230287174092512e-05,0.0005038627728473738,0.00010928954390810076,0.02002455106023877,0.014192442527752713,0.0025852340065697322,0.0007827978354990147,0.0015996580001320494,0.03994598713438728,0.001967622117708459,0.014231041285175982,0.00031270529302354183,0.09423492232750774,0.001457056486291809,0.005716781383112246,0.0009611839798082777,1.5534813324345285e-05,0.008093655565689303,0.007720336677723274,0.002490100150519616,0.0009817970287297883,1.4412102722927744e-05,0.0008957353969678922,0.023137169828785102,0.0141399691008402,0.00034955638758286023,0.004622654101689867,0.0028982552274977452,0.008630010546021442,0.04328308508520664,0.0153031402665709,0.003388516313449145,0.00014317699828331104,0.0007406159275737037,0.0007312151155902438,0.004212891319922081,0.030179599575343007,0.0026466900049297096
Furniture and related products,3.539619492652981e-05,0.001149202677993871,0.00030302163175828197,4.699413568441924e-05,5.436029290274656e-06,0.0004001612576727122,0.00021538713572768936,1.560182128079794e-05,2.528691404864027e-06,5.181753132573603e-05,1.2214165338479068e-05,0.0009782955336192958,0.000374513618812566,1.3178854357942055e-05,0.0015755519025541095,0.001272672997364869,8.67827386150252e-05,4.78946176903622e-05,0.0005649011871463784,3.9718300777487946e-05,7.399186240233095e-07,1.5890925542461928e-05,0.0001010796423492618,0.0002286813450691021,7.493857977730057e-06,2.055158680044743e-06,0.0001503088987285389,6.10450595727263e-06,2.926777312676208e-07,5.099917520874617e-06,1.4257821316173349e-05,0.010474354789188544,6.485744991218413e-05,1.4831348399278974e-05,0.0001400868939190551,0.0001794437257834571,0.00021064638090057726,4.482335366417402e-06,0.00012956337278034475,5.8679592593490566e-05,0.0009392610339437314,0.05011963197060987,0.005910317579890243,0.00028593600449977364,0.001718767628636748,0.00028555700517959544,0.002360018017693748,1.680606841500943e-06,0.0014929628258525975,3.261347868718553e-07,0.0013681732220205119,2.225198994051582e-05,4.4553673466160354e-05,7.2743575261251555e-06,1.18877874368091e-05,0.0003771820668590357,3.595003066173155e-05,3.4686042091321286e-05,0.0007089757205378719,1.798503177345118e-05,5.464845775102486e-05,2.2096785859182182e-05,0.0004959148386487341,8.290194801654657e-06,3.7901291101355344e-05,0.00010496653218353929
Wood products,0.000975357550474132,0.004376646649269323,0.00023656263361952325,0.0019172345379417754,2.472981321308629e-05,0.00014529525221519552,0.003462424079903084,0.000852695581155258,0.00010829984157613239,2.8498838235285742e-05,6.165650878405276e-05,3.975836761167708e-05,0.0011908856116939928,0.000753980820414054,0.006458036338905945,0.0006625294922323798,2.5277084837726385e-05,0.00039895917457207793,0.0009561982173978508,0.0005546779270352118,6.2383673492077775e-06,9.432689752831047e-06,0.0008913237400781607,0.029940589956417414,0.0005132438443174467,9.835016582062248e-06,0.0009689701913017801,8.482333236069699e-06,-7.354893512605232e-06,0.0001962379647900309,2.6379110865873942e-05,0.02542953196127896,0.0003899839702158843,0.0008136267928437666,0.0004190844646810357,0.0003765486455681584,0.005194904558641415,1.4649025688302481e-05,0.002049604575612021,0.0021644192123190693,0.0025492941741631506,0.09267751645917358,0.1882086723818981,0.0016909014013537815,4.8387821712280124e-05,0.0007854919034800453,0.0076663173741615765,4.788398183493303e-05,0.0010256957379603574,1.3267219671616348e-07,0.001008273971914748,2.381543382356905e-05,0.0001481767714652857,0.00016888793852913483,0.0007826263817248201,0.0013728143154985658,0.000338349954312028,0.0010862867914379485,0.0009983067175349343,0.0014840727636568779,0.00547060296002694,0.002868823893979305,0.0052784914388412036,0.0001380865472058337,0.0001505550007766329,0.026594668457869643
Wholesale trade,0.029670484936104913,0.008897173576042491,0.021166649120305445,0.10396039426592814,0.004859524900334175,0.10751092920722707,0.04612933352469451,0.0959728858991141,0.0042350317413007155,0.01823387689647333,0.0030034489980986174,0.003521464500536929,0.022103748082352756,0.05003586313574004,0.06381436904759392,0.017347182368804368,0.023575376798815592,0.009947339790536164,0.06081149167388542,0.06855351994816784,0.00043436501610040896,0.007637277946209875,0.052401104664066,0.0711596956262717,0.0020949063860932625,0.003982139276370997,0.02242977791293379,0.027067853759186432,0.008591865583569391,0.022706734081204296,0.0022967380858494803,0.048222752687438884,0.02846226621122415,0.010252949269565595,0.02249579715330892,0.008751860626783625,0.09462872527463413,0.012144385362478263,0.07279997147324319,0.015086502518079015,0.08058977359714711,0.0755290352143094,0.08081619693686648,0.029398868993952162,0.0003052793516728768,0.016530864808597185,0.06354154912572524,0.013043148997290616,0.01918156029391037,0.00258949689759468,0.0206163389045743,0.020528989214031332,0.04167473674309327,0.0147309090960717,0.03405302730613037,0.01833367094578053,0.06886548629585437,0.0457391224427806,0.04182035367130287,0.016017702286386975,0.006143266675116657,0.008963262662990822,0.02032951459242632,0.011596167261059527,0.02350760907020915,0.03816670266197389
Housing,0.0,0.0,0.0,0.0,0.0,0.0,0.0,0.0,0.0,0.0,0.0,0.0,0.0,0.0,0.0,0.0,0.0,0.0,0.0,0.0,0.0,0.0,0.0,0.0,0.0,0.0,0.0,0.0,0.0,0.0,0.0,0.0,0.0,0.0,0.0,0.0,0.0,0.0,0.0,0.0,0.0,0.0,0.0,0.0,0.0,0.0,0.0,0.0,0.0,0.0,0.0,0.0,0.0,0.0,0.0,0.0,0.0,0.0,0.0,0.0,0.0,0.0,0.0,0.0,0.0,0.0
"Other services, except government",0.005316996315940984,0.007392203452432132,0.005114000658231428,0.00609743297443671,0.001463386573642975,0.001127944755785504,0.006762035343104524,0.0009222671366571447,0.008828329493387391,0.007435950326861219,0.0034365509811944924,0.005764068683822963,0.013482451234806105,0.007823341721329691,0.005354560094242275,0.010567944933265324,0.001393299845077887,0.008907633101704424,0.0036330910356596295,0.002933461115626704,0.006586352580254906,0.010873380313525235,0.005467725612728879,0.009207370780892584,0.0014778841035808345,0.005867202347983018,0.0010252604708596066,0.0022759740652837997,0.0008453228329394091,0.03060524463229058,0.00362654787607675,0.00454509896963144,0.010057820153401202,0.011447919946716872,0.017735002689441406,0.005675530039226407,0.0017416907702940642,0.0135728987635401,0.001805824478470516,0.008396984176484108,0.002732163303313199,0.0029137335477272533,0.004384561093849982,0.014534914252746913,2.8183480885835063e-05,0.011557588868057243,0.003099219831998596,0.0010187601397469688,0.009948386473271372,0.0035382503683699827,0.008747057357285355,0.0005765133733827737,0.005686445543889927,0.002095211215026676,0.019276203788753003,0.004443132407081856,0.004945157265549964,0.0014843176021807,0.0011836215628545335,0.008512658516500096,0.00765401845416682,0.015232300464476243,0.003920351192596485,0.0031764260798964753,0.022664183577964698,0.0018634243341607922
Miscellaneous manufacturing,0.00031809668181753984,0.0005653723509931602,0.01601725252322944,0.0004131050842201507,0.0001723453109760935,0.007951252003198128,0.0015614863894828428,0.0004824612022861705,0.0003624675557770131,0.00422672034162728,7.227527991307901e-05,0.00032419067286286837,0.0007219436552533513,0.0001230999498091665,0.0009452830355594416,0.0016178159170069492,0.00011853418330643606,0.00013239674800775362,0.0027879334506590425,0.00018443743037540816,5.343907950634801e-05,0.00021122832484875225,0.00041895319539430096,0.0003655620452277918,0.00014638562010887055,0.0001935831039218556,0.0001717586848326661,4.8930773322815554e-05,1.2381501299419114e-05,6.084561146244541e-05,0.0002372497453364909,0.0007734209630061836,0.0010153760766760252,0.0018018333200556843,0.018735633581273548,0.00138394309128041,0.003011299886158202,0.0003036563471981988,0.00543908809050974,0.00035625505931214415,0.005897107047998678,0.0008198633530053249,0.00043246758630143705,0.0006543444069309531,1.933185891934083e-05,0.0016132731848991473,0.040866300172704095,4.228604653571525e-05,0.0011252264640816995,2.93518996728376e-05,0.003655258808359954,0.00015138743718687089,0.0003739175072926192,0.00016048554174814318,0.0001973659451426991,0.00048345613702971483,0.0008941590982539092,0.00047717512883725937,0.0007221175216793995,0.002187028821199109,0.0006090587501055372,0.0006190056314582921,0.006823820016339503,0.0018226527798931894,0.0040880506205572325,0.00012687737217196814
Utilities,0.0008043713017941887,0.002727675673464488,0.0012381833988318086,0.017679118087572724,0.00024299382003104282,0.002122166255908264,0.015771109744684524,0.00885247256539003,0.002520095128911859,0.004841490262747247,0.004140620891664274,0.0024029655283677427,0.017206348944828014,0.0018014908510339386,0.01244583717347013,0.01365194011125678,0.0011412165552422097,0.016626141135099904,0.011739533021978086,0.006300544385968368,0.0002951240093422973,0.011114661026053187,0.007415715327609974,0.017873866970687238,0.001483004232012704,0.0009805102577645699,0.0011708826059981905,0.007372305744526434,9.281966932067856e-05,0.00280500727240996,0.0006495147150990151,0.0020805214347715296,0.0014648578645916474,0.0017303542024665215,0.005068742180468887,0.0012727886637997625,0.002678110771188821,0.0011729346666565774,0.003770567248879217,0.025260870606717733,0.0034353140690999715,0.004751165540742589,0.008028498652713559,0.006061228119178657,6.4487581373690125e-06,0.003107388076864414,0.0035190233740149046,0.03628781382924262,0.012396816001750143,0.006440163890218065,0.008379893943848386,0.010748709058527657,0.009269510600412631,0.0009317092739018,0.003397455532629641,0.002176083967489212,0.012424933177414822,0.021982622119107127,0.0017903339145398797,0.05462194627964332,0.057539466110302515,0.029030303387954287,0.0028548874208182405,0.013408834650150277,0.002769654919484585,0.000919197200647056
Other retail,9.572186269277265e-05,0.0006137020173816932,0.0002707866034281338,0.00011532566334430888,6.412491657636187e-05,8.154204215537794e-06,0.00021326583055855439,0.003979847896692912,0.00024354517071496646,0.00031180812418522683,6.111182678941084e-05,0.0009616607416855433,0.005322094192877521,3.191373833444567e-06,0.0005306554605784031,0.005339558174240351,0.00495811046652651,0.002033811819037808,0.00743132971775739,0.0009724234534132227,1.2360923499104774e-05,3.1107350012118687e-08,0.0004213850665847264,0.0009326126144804607,0.00016163529816663855,0.000370773899055427,7.509372082625484e-05,0.0003306004665356291,5.6287935093869e-06,0.02325841104632291,0.00015236588747602687,0.050957836592762366,0.00695131615172643,0.0013021333358621088,0.0001978722767896162,0.0003263683176042581,0.001309956686260267,0.00878468881247098,0.0007191800752208901,0.0037305997750702634,0.0014717202823930466,0.00686009660368646,0.0011690503516972762,0.000350944962971957,0.003105605428993736,0.005143769007036314,0.004292749394861426,0.0041054220981975535,0.0017034071954923347,-3.8117089545341816e-08,0.0012024388624713273,0.00019571425378495758,0.01629394378318756,0.00010454243962924512,0.0002092515786742748,5.2475662826653605e-05,0.0036292827078544007,0.0014727253961704222,0.00029447821672822725,0.00010041190936050409,0.0013212519027774269,0.0014239377610999091,0.0003561542553596107,0.0005961025188191074,0.00012517132545596124,0.002533149649986089
"Funds, trusts, and other financial vehicles",1.7788232495834808e-08,7.2335397352901845e-09,-3.2440586792215204e-08,-3.2528252404487944e-08,4.566314387922597e-08,-2.7013984922696423e-08,6.944288920245129e-09,2.5762874243293993e-09,-1.93065113601514e-08,1.9314487175009623e-08,-3.625483114540822e-08,3.010032258306498e-08,-1.8124526164296016e-08,-2.2505661691480512e-08,-2.663467590985396e-08,3.557205735038947e-08,1.6200902247022018e-08,-1.5430455542766308e-08,-1.216074078581438e-08,1.4929101334051464e-08,0.006988669419697619,7.165593084190425e-05,-1.2520119045370237e-08,2.263085793192094e-08,-2.5975608403842298e-08,-3.36593867107405e-08,-1.9316590549613668e-08,4.057861817673936e-10,2.1886952981638017e-08,-2.7807423317802875e-08,4.3001081632468753e-08,-4.319621300172153e-09,-7.536916790779282e-09,1.5520836892323218e-08,5.454565570908799e-09,-1.9318168676451416e-08,-1.6522954568797702e-08,-3.785717242095878e-08,4.511561054625275e-08,-1.2258544382024013e-08,-1.1609594000658996e-08,1.347564327295416e-08,1.5994583613557677e-08,3.6109420888350014e-08,2.0876138179302398e-08,3.5675747516311133e-08,3.12475118086681e-08,-3.304483538099342e-08,-8.115083807673795e-09,0.07416372917792424,-1.2251076662709268e-08,-2.145550312015169e-08,-3.857128127685616e-08,-2.5083628793763186e-08,-4.3650262100451265e-09,1.3011631480488832e-08,1.0906478104089818e-08,-3.94633903374632e-08,3.5999204540947417e-08,4.0250268670912886e-08,-1.0202507161191907e-08,1.2639362405284992e-08,-2.8590775784136683e-08,-3.3893616596999974e-08,2.028738575665877e-08,3.390256639447873e-08
"Amusements, gambling, and recreation industries",6.163922438572137e-05,0.00016517202672566232,0.00015149084021682792,2.390512111083104e-05,0.00015377114438189463,2.3498815503820787e-06,4.52471550089811e-05,2.8568998119571364e-05,0.0001525159796883168,7.715288665917908e-05,4.21846626995669e-08,0.0007440501261259926,0.00026104896372947464,3.469829230520665e-06,4.024969173291428e-05,1.0818258631621147e-05,2.5775358528959885e-08,2.9501666433368967e-06,8.183390432221045e-06,1.8447749459417627e-05,2.150775821714268e-05,0.0006149291431470299,3.722696914707799e-05,2.2672631481597416e-05,4.9802857497839786e-05,0.00016308305642815524,2.689562402903617e-06,1.000646475938076e-05,5.038835534444047e-07,-1.9224521764617042e-09,0.0001840004508452177,2.4596973569807495e-05,1.1188058900155183e-05,0.00035690856970697123,8.01262293471509e-06,0.00012941239138420304,8.039787052111296e-06,-1.3052197195957608e-08,5.839493673915527e-06,0.0011639817859306267,2.3738430201028147e-05,4.3999993726539305e-05,3.4702706042221555e-05,8.000428740314736e-05,6.816581049132668e-06,4.139563531464013e-05,3.925819180936394e-05,3.092217877575205e-05,0.00021023325875371766,4.246456356010537e-05,3.5345382522811164e-05,-1.0692011732650987e-08,6.55192086567961e-05,5.067542911501312e-05,6.134808871295083e-05,6.298093677645294e-05,1.0713803333936353e-05,4.205232202845303e-06,1.2848500954388455e-05,5.058297529982882e-06,0.00016543339448876448,0.00010037197064639368,0.00010794054393758665,0.0001516070872660975,0.00012507493477614625,2.775113476826122e-06
Oil and gas extraction,0.0009552972719934069,7.103042421525977e-05,4.880479352246051e-05,0.0005563190840634761,6.782265183876562e-05,3.389750495229094e-05,0.00028547218007286986,0.0009524970572618967,0.0004346873866407649,0.00014854900891940617,0.0002466141516867746,4.383500537649547e-05,0.00018565369165525236,0.0005445074287553629,0.000270885656341856,0.000241698873965041,0.00196179591527829,3.5784391077860195e-05,0.00014249393309460778,0.00016591732528263014,1.3750910889044847e-06,0.00014589360766409165,0.00011670718194035034,0.00034285036227272366,3.1889062573323204e-05,0.00033430592868423505,1.367898919907982e-05,0.5354170244123483,0.002746217233770544,0.002244776680629491,6.565181104751082e-06,0.0013384757964588873,0.003524976863567932,0.00025823008366250577,0.00018450994835461532,5.732579218678549e-05,6.264627777968643e-05,0.0010491795374090902,0.00026667880886472635,0.00027696016100921917,0.0002354709808203562,0.00018264492395604848,0.00040439794636280363,0.0001364998804838551,2.1369289356632576e-06,0.00021365166425372543,0.00019597745456463434,0.058523654678573574,8.416649296010684e-05,0.00016971464178013517,0.00039642879976675667,0.1019740848809506,0.0007351368728144693,4.057816063279672e-05,0.00024388930750482774,5.269870564703625e-05,0.006597680982067421,0.001971016916999017,4.065183188089796e-05,6.353500527474666e-05,0.0002604831309198862,0.00014994564386696424,0.00013174572772236978,0.00011078513268687505,0.0007601842922968135,0.004079901121036296
Printing and related support activities,0.0004410443139787626,0.014171877022977043,0.0017707392434496425,0.0006842009295737117,0.0007361068058173617,0.003703354300962239,0.00029359262470089124,9.903425369048828e-05,0.001273097893766246,0.0010318117182380384,0.00027204499518036334,0.004290962222596803,0.0008262825856749309,0.00012775219202841828,0.0005748045799308201,0.001323057191638893,0.00021885100188339247,0.0009955921123961638,0.002236338381135805,0.00046626246628143583,0.001327900633653306,0.0020102784641646554,0.00028611264652481116,0.0015333819796398119,0.004690060818141732,0.002822049300952335,7.386469467231126e-05,7.630940356184368e-05,4.374854104340865e-05,0.0014586011602164858,0.0019146106500934922,0.0003144749252355764,0.0028938416721672037,0.0029066171762760678,0.003153613060617004,0.00378250744765716,0.0002605691789375709,0.0010182303523550123,0.00019766466818063228,0.0033260379549206478,0.00025838007769848486,0.0008806654415453451,0.0004318667165571857,0.004682810803285129,3.4402412913875837e-06,0.002888534403096945,0.0006626960764476376,0.00020501748050259604,0.005008824191159634,0.00010404074610774411,0.0016150655333367634,0.00014872815712678168,0.016768863984614968,0.012873379548342287,0.0007422733288329199,0.0011207973442606744,0.00123731456863059,0.00025884485448510045,0.00014179965779853435,0.0001887777548179626,0.0007140789689317183,0.0011570942466254735,0.005955705970773965,0.003082179658624277,0.00039061506921049934,0.00036959048566673967
"Publishing industries, except internet (includes software)",0.0009253779637741473,0.006731764921042878,0.002199478635605055,0.000556260392100599,0.002888020980519876,0.0004811594424496078,0.0005997023816032485,0.0001846460259337894,0.0021927631795026553,0.0012039892891958074,0.000534813177821428,0.0010155170636623578,0.0008516134315970332,0.0002395126172297057,0.000647742713605429,0.003206506048464216,0.00046103415082620686,0.001266678742501542,0.0005561087114036495,0.000339456414825156,0.0005573701692100919,0.005504223367937748,0.0008573797285824594,0.0005127408763042267,0.001399074277250401,0.002857055904461222,0.0001987968981856495,0.0001884626818955886,0.00015125380637187618,0.0005485412954024215,0.0043955916489364965,0.0008275531669525224,0.0017459374036604867,0.004018416212595261,0.002412101420709456,0.004234589923168885,0.0001547420865394499,0.00044299519109646033,0.0003031691610634283,0.0012811045003976072,0.0005508166391143695,0.0008962783427392417,0.0007219148420157206,0.002029950798602149,2.0484505047460385e-05,0.0021538338391338665,0.0008662451143639835,0.0007385203314029036,0.0020377388087910856,0.0006455111802573364,0.0013561126012280886,0.0006464363233269147,0.0010843599499345423,0.031113046255750062,0.0015734975853314425,0.0026423835244996988,0.0003870614959295552,0.000510977127939474,0.0004823869190866841,0.0010557755282277472,0.0017284373185957255,0.0014069353320925186,0.004494110030020283,0.003639426947863242,0.0009228589288482463,0.0013985860876052805
Rental and leasing services and lessors of intangible assets,0.020883426256201456,0.015507398055400025,0.0034329660488966835,0.0029494936464999656,0.002679450624534802,0.002752803388400564,0.004734589192137697,0.007758291292356205,0.007655638052505998,0.002453257763515513,0.0008615160401462872,0.008316643388569125,0.0066342480433915964,0.002962510047480136,0.002683829487192303,0.004975830844909047,0.009177294026528643,0.007033364634750698,0.0016538599819004144,0.0029828460917360284,0.003403554398334882,0.024966517387951626,0.004343837104912679,0.0034789570605371018,0.016279798875277533,0.008251507896144513,0.0008713980295667045,0.002157054356406007,0.033036511426935894,0.02213000219318901,0.007075782968565349,0.009862517340847688,0.005869795807839399,0.005917794109323285,0.005015242551426525,0.007340196904482014,0.0016719557312015105,0.020230463899377025,0.0028500499507896284,0.006542035028922918,0.0032001954920539664,0.002050048753087857,0.001730003122247335,0.012944999465369152,2.9567725231473864e-05,0.0022413655468052425,0.004905431416760677,0.0013766053558411859,0.007779494901705377,0.0001342212535899508,0.008828211553061991,0.012279299208204392,0.004329606081233061,0.0053010079810433455,0.012873655009501994,0.011817354719708956,0.0047190704682916074,0.012573832791595714,0.002444140033026996,0.007233664604190585,0.0019173399274222984,0.006063073595666,0.0020161400151906318,0.004627174840529883,0.01270740893815831,0.043887285634869495
Broadcasting and telecommunications,0.00776785545639102,0.02278466964118904,0.008102249137794504,0.002293782787437275,0.010158249113570394,0.0021796629626337585,0.003497209896850601,0.0015647585701096564,0.015530127163483018,0.006395720693092543,0.009650131521472856,0.004165019792804352,0.007835391202484835,0.0013108483075573946,0.0035698565595970455,0.014369857483751403,0.003653009713820618,0.00479006827649339,0.002629260307705889,0.0019281676248197235,0.005102600315396322,0.013580286867752004,0.003830214728244969,0.002468549761691855,0.006857246822209021,0.0140510900437628,0.0008314610632218617,0.0011927132982777438,0.0014247293001498796,0.013148953356060127,0.016191184248175648,0.005202883952435198,0.015397962884105294,0.016116403208099858,0.00713964090022118,0.012610400563897495,0.0008753887507673224,0.014399489725335682,0.0018203531619873008,0.011167826913230523,0.002638739864252636,0.003688299065101651,0.003285029460623885,0.012020069475494685,0.0011118518546576084,0.008429770481709462,0.004364350450410948,0.0037150180472226,0.012528330732106114,0.0053447460347565475,0.010307644092762556,0.004016027277979752,0.005290949109797826,0.0103726052995832,0.0053226585813870575,0.1287558946724736,0.0021825195394881767,0.0037663566192424475,0.001247953710793833,0.0049094125069263144,0.015625611562472528,0.005401779243655104,0.007122126852556587,0.009120121679398126,0.008182275755541651,0.0033327249798807365
Chemical products,0.012126742779852463,0.002378775337361625,0.027345980450954127,0.00722667096658358,0.00025931707758214216,0.0070084473659835465,0.03221548350466537,0.05412385025383469,0.00017937196745592367,0.010451955483270823,4.742707758017738e-05,0.0013191895702146029,0.0013353630107974534,0.03134422400166817,0.2379149514038247,0.0007716126657132635,0.0003778808564031123,0.00017784334469047634,0.17285647181960076,0.009787258410083991,8.115134927591753e-06,0.0030913135125163363,0.02033511148318729,0.06860823997563488,0.001130568239828026,0.00021082643062787332,0.004357122365286715,0.016885537465991432,0.0001867731017339337,0.0006147002423151295,0.0003212243572901643,0.006522903729936564,0.0006209998386211876,0.006126737296059973,0.02740878525607137,0.0054556421766557795,0.014551855402370832,0.0002138701581240714,0.01751765097103533,0.0007089623658158296,0.0111316882289623,0.02514398168128433,0.019305372707545454,0.0010781174641622546,9.742503373632588e-05,0.005079434698593097,0.03809785929308965,0.0035311952854583063,0.0011668957357821024,2.091107014474714e-05,0.004893143702187211,0.020027667772966974,0.06487055843659183,0.0011846900521717807,0.0009929594755637026,0.0010108334819587297,0.25409666112008344,0.02674363268551671,0.004872152316474168,0.0044380864356565,0.01190596742953101,0.000442721006754272,0.0034285436200576515,0.002222872362914079,0.007334538359736771,0.0037161871065776717
"Mining, except oil and gas",0.00048349964160700535,0.0010192631200078345,0.00010080138220616613,0.04384194960750082,1.3939711507619443e-06,2.280259350355708e-05,0.06498818240864028,0.0051743042746402075,2.370029003631512e-06,0.0001386904167238523,1.7194499536972846e-07,0.001746770081462815,0.00037220247156826753,0.00012986291333021052,0.001131379493902789,8.101353819481915e-06,7.732089462282797e-06,6.675117341935984e-07,0.0013236859867747927,0.0009906884739529027,4.054383028983736e-08,9.362159802067164e-05,0.0013343385211960865,0.005411834051716836,9.55634217099384e-05,2.102857992622256e-06,2.567401023913089e-05,0.0038802625448298954,9.98770692555908e-06,2.2493706336765928e-05,1.1345486148763357e-06,0.010216867556638387,2.1352881937484734e-05,0.0004259951577829447,0.00013831080566850638,0.0005422292766319299,0.0001438411696014208,1.7289793153398398e-05,0.0008375389058055173,0.0002859702069973041,0.00035911931938096333,0.0003516492546377904,0.00013178410729387997,1.2158919936335307e-05,1.4261710059340467e-05,0.0007111538614851915,0.0007421969612723393,0.015189557848639559,8.729401485702318e-06,6.002887837383385e-07,0.0028280724712588844,0.00022040705687024389,0.00022677838003299923,6.461352218566918e-05,6.9428887785098924e-06,0.00019824207209633767,0.005587830828147915,0.05189572635234319,0.0002168529633207785,2.650903078828949e-05,4.253027292882594e-05,2.9142226078607866e-06,0.00013816291171471023,0.0008347318439868464,0.00034378446314025664,0.0016691054514070814
Other transportation equipment,0.0002827359495566071,8.46212440240996e-05,4.093549976817302e-05,0.0007231826398205278,6.533363400371668e-05,9.787851103768228e-05,8.699761380665082e-05,4.82535381285592e-05,4.446744312337407e-06,1.861183425501729e-05,3.35217412314048e-05,-4.82365644016863e-06,8.364844414062741e-06,0.0009017215736582146,0.00013894756195559596,3.5588270052257885e-05,0.04255113387257873,2.0345144513414608e-05,0.00017905749373931247,5.211503258292319e-05,3.1370462435968486e-06,7.914347460147245e-05,0.0003812324479894213,0.0002213779525751684,4.5912445279063516e-05,9.848295660549508e-06,0.00038002452406050985,7.515700949481302e-06,0.002991094819954263,7.289515599263142e-06,1.6699356407054318e-05,0.0001826680337482275,0.0049029702044528925,0.00011064276591738967,9.87561738131246e-06,0.00023152422914293798,0.0009444782636342027,0.000334884450422336,0.0003793091977655997,1.7813453533796114e-05,0.0010100634383903568,0.0001578153203413595,0.0006759571671642217,4.2384081731887066e-05,7.281182952323788e-07,0.0011736578131487905,0.00018040253456714367,7.808135800846832e-05,1.9062325771039632e-05,1.8162002581313865e-05,4.038586394850064e-05,0.00011310526518921497,0.00018015823875869256,5.29788359293304e-05,2.677696136397114e-05,0.00015829931402186183,9.529846100031692e-05,0.0005936314980935197,0.22720938032059054,3.5367288217020124e-05,6.965946197819017e-06,1.634529269585032e-05,4.015126713092593e-05,0.00012099964854074673,0.0006593143230765782,0.02203345283842184
Warehousing and storage,-4.4576159793332735e-08,0.002049291052973273,0.0004568050640738709,0.0006344524387787419,0.0002098263687192297,0.015191567524529406,0.013923130373957772,0.0008140832764323136,-3.6210957250470033e-08,0.000584849992063444,0.00021642657394468546,0.0009846102526003674,0.0023294845769772673,2.7160484488845145e-08,0.022715093263501955,0.0360355760669146,0.01429848641313226,0.039160971296206736,0.02890907041908827,0.004053257366763249,3.879300053412001e-05,7.428461348434993e-06,0.004630121163199672,0.01895536409341417,0.0013675549158990365,3.956332176290667e-08,0.0064313006297427614,0.0052158413118261315,5.2974847637842896e-05,0.027598629688157687,0.0005901131751154455,3.357501646119782e-08,0.003556952228555258,0.0019541131237694304,0.0009094578223031824,0.0005546903118514395,0.0002714115049198171,0.0015345954434317082,0.0005709122960573141,0.000618872034404595,0.0016305734270814596,0.0016396361542790779,0.03259406003018536,0.011250411424152793,5.037075401988789e-07,0.0008783102768892612,0.0036128250082350967,0.0007751029816896437,0.023053510917199628,-2.7300270521840524e-08,0.0006135484955312845,2.1682012295692568e-05,0.01794771024561079,0.0018386154068098968,0.0009216004520896448,0.0007592631792704202,0.004651452682710059,0.003307711396957045,0.0004265603213583619,0.07505712800702857,4.183575322197113e-05,0.033557208276375726,0.0009541869073847037,0.00022775874007564727,0.0008481115225383231,1.8329180568039924e-05
Other real estate,0.0012424635980887511,0.02663214537851246,0.041266648610523315,0.0017193395494886751,0.00839397465709001,0.002590708941842035,0.004870831107672368,0.07360754472082755,0.043242971287838765,0.10714802945052726,0.001957636774940123,0.05513210146050493,0.08679586620824523,0.0019233603811735528,0.008329563336506479,0.061002769343608036,0.0072108048597269315,0.06257844072684557,0.009208953218070208,0.0036978908343947635,0.051898870031742005,0.055293902679363266,0.01121525578232959,0.00598245355308784,0.029501015137184238,0.047467571074251785,2.558006703808274e-05,0.0001195899343371243,0.000989720605275796,0.015085148947882978,0.06276874746752695,0.011831390449761937,0.009459775947555385,0.019096831291235218,0.04483475738868753,0.05122796672670433,0.000107053630135572,0.012725765073133251,0.0023946257298548337,0.01629420757277415,0.0025157088842515185,0.013220269920730936,0.0049377301241395975,0.04755655022071633,0.003371463628506975,0.054303801799346615,0.004038617760240819,0.006936198699926888,0.10840939409201822,0.0037873366426195744,0.08183854151812459,0.003630372925275753,0.01938751048948963,0.008989726587975666,0.025654679375023668,0.02013590459867104,0.0005206615525545541,0.0007639294680257859,0.0011252601489876153,0.13679820736419968,0.09188915513334127,0.09885324718181426,0.08626970676405814,0.09492187028654876,0.015722883579098405,0.0023928396253428182
Food and beverage stores,1.4563399763673275e-07,2.346749359227536e-05,6.228837232583018e-06,5.580502987488722e-07,2.181198127392654e-06,1.434916241612915e-07,1.860781243406872e-05,0.00022085496025773984,8.879025968935574e-06,2.727371983137397e-06,2.333268756707546e-06,2.2906994036262987e-06,0.0012857987169936744,2.727111822841e-06,8.409383722720128e-06,5.1926631654928006e-05,3.9582809913996804e-08,5.321909418358328e-06,1.5699138283625076e-08,8.539073257451425e-06,4.3246936813570965e-07,-1.3692020997722004e-08,3.3207025827759907e-06,7.298746307505047e-06,5.3916512693145115e-06,1.3956718773418866e-05,6.51487362152955e-07,3.198823273549287e-06,7.708548785778797e-08,0.0011786332377089368,2.4326916932043288e-06,0.0001108478991876037,0.000288306385249039,0.0001256347347460875,7.230644467563619e-06,8.601105678659731e-06,1.2596339832159433e-05,0.0005000959163244571,7.041126016228594e-06,0.00014110447218625006,8.14700886876398e-06,6.549086545043576e-05,6.787450885266277e-07,1.3505076325966015e-05,3.0324333370751868e-05,6.832718327800708e-05,4.048186189705348e-05,0.0002072842344589368,2.5208189839437962e-05,-2.465630514787897e-08,4.190925382211058e-06,1.5814070392155858e-06,0.0004253959155889747,1.1729364240281236e-06,9.918399526859693e-06,5.511842021115318e-07,4.7159705230016204e-05,1.8850804432464557e-06,3.9896337332023957e-07,3.0769379722599165e-07,5.454040004654523e-05,2.496390002204585e-05,1.1629706784745559e-05,4.6295912769734805e-05,3.155490889001031e-06,0.00013925259496193188
Social assistance,-1.3749795847104636e-08,-1.1500796439596024e-08,2.471732979271885e-08,-2.2210563691831682e-08,-4.198751028949147e-08,-2.527506883720609e-09,-7.566693612885435e-09,1.867742174577877e-08,-2.843614699902964e-09,-2.143643448440972e-08,4.805478423568215e-08,-2.690353667037624e-08,-2.0807820063364466e-08,-2.8675157933689087e-08,3.954229595654718e-08,2.9657583186145843e-08,2.231307031516097e-08,1.8683041808464724e-08,-1.2367075184993142e-08,1.8970332794523992e-08,3.0857706083136836e-08,-4.122233373011647e-09,-1.9915722784357772e-08,-1.6307562716006717e-08,-2.7086355997893035e-08,3.5593400291006165e-08,3.9535621234932316e-08,-4.2439319650753364e-08,-1.781223411797246e-08,-1.7400013993312577e-08,-1.7331181962416093e-08,-1.0732966490829108e-08,2.8268273112203903e-08,-1.6363459165759735e-08,2.735454866323166e-08,-3.0573587311015335e-08,4.218106472711415e-09,-9.200863074159149e-09,2.444832688776922e-08,-3.799102272318147e-08,2.13167419131688e-08,-2.5839052695597923e-08,3.154709957818623e-08,1.2182318555680214e-08,-3.807229051284573e-08,-5.211138394495095e-10,-2.9523334568665386e-08,3.6397986252787866e-08,4.2613109280524287e-08,-4.61371147788482e-08,2.790291863587904e-09,3.0379507659751934e-08,-1.5195560407064584e-08,-8.444676949601305e-09,3.103653943699731e-09,-3.596362059822711e-08,2.680619776303105e-08,1.4392450404080737e-08,1.6901058207111026e-08,2.2973721383918665e-09,-2.6595464366787547e-08,9.155899789382287e-09,-2.7071350272578346e-08,-2.1721373518290328e-08,-3.002184382462214e-08,2.776907676833285e-08
Educational services,-4.316967215423859e-08,0.0004286978517120542,4.717709600641363e-07,-6.614854821840886e-11,9.821372042514672e-05,-2.7843990041381194e-08,-2.7061613902965342e-08,2.7983779789257867e-05,2.912088987303747e-05,-3.236393799191312e-08,0.00011929461614227068,0.00750191912074834,1.7979059918614326e-08,5.9873430907676756e-05,7.495327708301829e-06,0.00016924430381089613,3.18466905514969e-08,-3.625593087024005e-08,-1.4657858737940767e-08,3.9674767639575167e-10,9.925302777714024e-09,-1.77550076430057e-08,-3.6504739538187696e-08,2.9086195035839902e-08,3.742106180115148e-09,2.052124717119772e-05,8.698820789156377e-09,4.0439201475298166e-05,0.0006416830025053894,2.9372263353497876e-08,4.1094806680107366e-08,3.5405761860329507e-06,0.00018403661985695268,0.0008873707478321875,2.120944189226991e-05,4.696113008092765e-05,6.887151980991155e-09,-7.838793195636422e-10,2.131621348538759e-08,3.1947023298757704e-08,2.8491868465907203e-08,1.8116312000612532e-08,-1.4584837926211607e-08,0.0009519999413653328,-1.3933788285857172e-08,0.003562938048489226,-8.556383829596051e-10,0.0002852672883411027,0.0041433073563241505,-2.374851830660956e-08,0.0011645782123655244,2.2017516261088718e-08,0.0005863850472856372,-5.761488042826023e-09,3.356985219644039e-08,8.543567191118355e-05,2.7641204516376184e-08,4.223617853947029e-08,3.733703937734522e-08,-2.4681588583318192e-08,-1.0350352483499163e-08,0.004108899325592644,1.954228060008931e-08,0.011214971428672229,3.8667441872054e-08,0.0003874412731900754
Waste management and remediation services,0.0022751694725122408,0.00017502769008313182,0.0020733188874430012,0.0061881566008560865,0.00023970562693816625,0.00037749427722088733,0.0016624405024129006,0.0004863793601919262,0.0007651301935461813,0.0034692004339620273,0.0003757362356472871,0.0004640375977199247,0.002527638730200073,0.0003198164339793524,0.0012087279401529342,0.003851057430073632,0.00080485447784667,0.0011374388741504631,0.001448861500592708,0.0013214842033087975,0.0010106006508667311,0.0009988750492058217,0.0010064956677716783,0.0024216360564928976,0.0002750423818036744,0.00016549071226585902,0.00012990783686476107,0.001131184433331878,-1.1158887014929568e-05,0.0026402609009714066,0.0003481437675820123,0.0015067482961446932,0.003259272970594287,0.0020143217630787962,0.0028424843370018988,0.0008720426505707356,0.0002576898589694178,0.0009507808724582887,0.0004547247442661005,0.0048558665966898906,0.0005247980762363578,0.0011402940355620208,0.000859624061747142,0.0012287426771502743,6.154091607450656e-06,0.003182754437000169,0.0007699508423862809,0.0015526344834076375,0.0017063600446333455,0.001960764310866388,0.0053111562182430105,0.0034136019511136154,0.0008959973448988623,0.00033843503108817174,0.0008248737128673327,0.0003171097068180602,0.002314396984912816,0.002289031135981115,0.0003735665512811188,0.005331903760872507,0.008817771659241854,0.0021094617488469167,0.0030608668983787717,0.002607710142598022,0.08380246385814473,0.00095130172099869
Rail transportation,0.0010991726753220576,0.0001414433203501101,0.0003836116967336792,0.014388239334745772,6.364237851088393e-05,0.0003640815226813898,0.02010103575200529,0.005439471510583313,0.00012440518647127208,0.0004272063906499872,6.804109904365577e-05,8.911061486994961e-05,0.0006945297385522153,0.0012545809190821888,0.007353174948911206,0.00014871855933794529,0.0002640865893983044,6.710938198596121e-05,0.0014260798558197207,0.006910118915467559,0.0001172509035068021,8.07824466591357e-05,0.0026743197214208103,0.01275963629814072,4.255216126115092e-05,9.5299013486832e-05,0.0001589970846519279,0.004055378957521768,0.00030526781347654233,0.011591483690709142,0.0001527093142802469,0.0014629052915147256,0.0015716974061880005,0.000508367477232463,0.0002311755736183205,0.00044175840620462863,0.0020554970976708366,0.00024022461804354097,0.001990127267054371,0.0004336350435635834,0.001340355788666474,0.00408617054527641,0.007212307850176716,0.00015590388041671218,1.7737472119623005e-05,0.0002294333429493242,0.0016408847474682034,0.007090491275742077,0.00012913886687422369,1.8947768644270496e-05,0.00048305477781232785,0.0014183616452960626,0.001892985872410403,0.0001304804221958664,0.00017634699140918331,0.000411146905551396,0.006618203671436451,0.008716975611257524,0.0011147618067757956,0.00016361067247474588,0.0002960711286111584,0.0002620240420520127,0.0005721765973342309,0.000174824839038145,0.0004169440621943549,0.0037541464035488743
